KIC,e_lat,e_lng
10907196,299.908326,70.301757      
10962775,299.789148,70.336693      
11177749,299.594223,70.776164      
11231549,300.482913,70.840932      
11178396,300.564617,70.769093      
11072334,301.0745705,70.4071447    
11232225,301.408478,70.760069      
11179815,302.2797637,70.5199939    
11018710,302.125720,70.262104      
11180468,302.9723290,70.4429568    
11340165,303.323138,70.707911      
11287679,303.939541,70.522095      
11234625,304.015874,70.425827      
11128910,305.252266,70.107451      
11129153,305.486945,70.070569      
11289335,306.032820,70.293312      
11289128,305.739471,70.307869      
11129480,305.822074,69.978570      
11129945,306.411027,69.937191      
11236536,306.274102,70.119821      
11289822,306.574070,70.179293      
10651578,300.609095,69.743017      
10651320,300.303641,69.772950      
10847321,300.261150,70.112968      
11018922,302.282673,70.203978      
11018745,302.119560,70.221942      
10848618,301.5840642,69.9614533    
10908322,301.213272,70.085924      
10964584,302.034055,70.137433      
10784013,301.893667,69.855172      
10849541,302.565543,69.906413      
10718491,302.353622,69.685164      
10653383,302.422389,69.543758      
11074543,303.592554,70.125410      
11019954,303.6411571,70.1111731    
11020211,303.860262,69.982397      
11020101,303.822802,70.084087      
10910802,304.109155,69.784785      
11075908,305.254177,69.951019      
10966458,304.163504,69.847017      
10910674,304.019980,69.851060      
11551758,306.681429,70.780103      
11499428,306.291893,70.721955      
11551746,306.633028,70.754168      
11394905,305.857473,70.506430      
11550567,305.021341,70.906066      
11498298,304.9068739,70.8208166    
11704163,305.709995,71.157052      
11341723,305.196234,70.479187      
11287936,304.345463,70.543911      
11653073,304.843832,71.172116      
11702195,303.185847,71.452562      
11600208,302.965237,71.315554      
11548940,303.012159,71.185045      
11444313,302.323391,71.096879      
11599342,301.8402715,71.4178510    
11546913,300.252987,71.481406      
11598116,300.164554,71.593345      
11494312,299.899313,71.391810      
11441797,299.036095,71.448845      
11442227,299.563103,71.350122      
11177727,299.636237,70.869491      
11905840,305.852528,71.634238      
11955410,305.945286,71.650331      
12005162,305.992014,71.760764      
11805460,305.904737,71.419934      
11805792,306.243413,71.315504      
11855110,304.986123,71.591795      
11754056,304.661797,71.407953      
11804677,304.775250,71.473772      
11703230,304.550938,71.338724      
11954465,304.827622,71.865387      
11954278,304.502931,71.839593      
11953849,303.956737,71.901370      
12003742,304.118052,72.025365      
11753018,303.373537,71.599024      
11752707,302.983408,71.654949      
12003253,303.482874,72.061361      
11953581,303.673724,71.977901      
11250152,317.831135,68.302274      
11250139,317.869433,68.341734      
11563791,317.9995963,69.0376068    
11615224,317.931901,69.098582      
11512096,317.7170878,68.9244630    
11564307,318.233669,68.890979      
11668246,319.593138,68.910093      
11668036,319.4400500,68.9542819    
11667928,319.3877769,69.0017554    
11357004,318.6720256,68.3839444    
11513798,318.865833,68.653825      
11617622,319.646891,68.814625      
11669113,320.228792,68.758559      
11410217,319.391938,68.363099      
11514322,319.246976,68.585391      
11410549,319.6599039,68.3698340    
11357686,319.204368,68.324259      
11463411,320.0443383,68.3193975    
11515377,320.031822,68.495991      
11721438,320.983826,68.713723      
11669622,320.567839,68.684065      
11567572,320.546589,68.519224      
11568605,321.133144,68.359846      
11517524,321.356317,68.276749      
11567563,320.486772,68.487889      
11518492,321.808917,68.081630      
11413158,321.196827,68.045694      
11465784,321.540331,68.056884      
11569659,321.841366,68.263160      
11519991,322.6391330,67.9024748    
11623012,322.800386,68.148867      
11621486,321.918148,68.338032      
11521352,323.523843,67.781527      
11572172,323.2008746,67.9049295    
11521197,323.393108,67.777503      
11468340,323.055317,67.752407      
11673900,323.201739,68.215276      
11674692,323.618200,68.046741      
11775398,323.588078,68.367912      
11775511,323.6577023,68.3521564    
11090395,317.744421,68.011203      
11037290,318.391086,67.799572      
11037219,318.2728543,67.7574422    
11090673,317.900434,67.952155      
11251136,318.523581,68.154579      
11250488,318.149653,68.322983      
11252233,319.270013,68.023858      
11251837,319.077393,68.122334      
11357931,319.336157,68.256529      
11197457,318.639953,68.112166      
11145563,319.063879,67.899780      
11146230,319.3823238,67.7973376    
10983401,318.367343,67.675650      
11146152,319.389486,67.846950      
11359175,320.109685,68.095933      
11358755,319.865616,68.149592      
11252437,319.419902,68.029098      
11305250,319.567887,68.079966      
11146647,319.668260,67.808343      
11199105,319.576372,67.842885      
11199783,320.074379,67.835361      
11252706,319.544063,67.983975      
11360886,321.073982,67.882367      
11413138,321.120549,68.004616      
11200573,320.551145,67.727907      
11307599,320.915732,67.817821      
11308784,321.614501,67.724928      
11308660,321.479110,67.699228      
11361765,321.590205,67.796005      
11414700,322.091723,67.882978      
12121377,323.454787,69.192405      
12121656,323.613027,69.129605      
11924919,323.1183933,68.8261935    
11824976,322.794447,68.558746      
11973853,322.982602,68.929156      
12121207,323.349323,69.219206      
11823838,322.136570,68.739944      
11722424,321.739077,68.654238      
11971940,321.679413,69.166780      
11721374,321.011995,68.770074      
11971123,321.125146,69.251559      
11970987,321.137063,69.335195      
11821439,320.563950,69.024275      
11819760,319.470916,69.327595      
11920678,320.2766484,69.3823704    
11820688,320.047433,69.142481      
11869095,319.087358,69.496570      
12017985,319.2087034,69.7353977    
11868264,318.462541,69.615542      
11769182,319.4419081,69.1644073    
12114999,318.754930,70.042839      
11868246,318.372614,69.566439      
11767058,317.8890921,69.4166896    
11614827,317.669240,69.165706      
11716326,317.540610,69.412928      
12418515,323.661574,69.873680      
12316494,323.053957,69.726550      
12367827,323.840477,69.644359      
12169845,323.372777,69.313803      
12120230,322.605047,69.295516      
12217154,322.413453,69.595546      
12168406,322.355438,69.453009      
12366461,322.968775,69.862962      
12366537,322.9369154,69.8041128    
12470054,323.221686,69.972343      
12070114,321.704177,69.403200      
12070650,322.0557790,69.3577728    
12314927,321.978673,69.939039      
12365293,322.1772457,70.0476732    
12314910,321.932995,69.923336      
12215647,321.318410,69.773008      
12167521,321.848889,69.596295      
12216750,322.206879,69.694299      
12118044,321.261377,69.664739      
12117790,320.9369509,69.6319602    
12164879,319.913869,69.995598      
12116393,319.869636,69.861076      
12067001,319.426087,69.886622      
10662618,310.176124,68.534655      
10793771,309.9911679,68.7734843    
10793872,310.029892,68.741169      
10858331,310.214304,68.805541      
10973854,311.180485,68.875389      
10532751,310.353605,68.288667      
10598558,311.1302083,68.2606557    
11028575,312.031651,68.921946      
11028372,311.854867,68.954256      
10918731,311.486083,68.807242      
10859779,311.444050,68.697779      
10859941,311.571841,68.690385      
10977629,314.271505,68.394279      
10921258,313.571160,68.430264      
10799530,314.015402,68.173719      
10667886,313.748810,67.998595      
10801063,314.927329,67.949532      
10669123,314.522548,67.816302      
10979181,315.497830,68.201273      
10864711,314.937171,68.104854      
10604460,315.016860,67.607803      
10670445,315.335588,67.641207      
10736390,315.6959399,67.7646253    
10735926,315.373029,67.811859      
10866415,316.066533,67.928864      
10979742,315.884839,68.090746      
11141358,316.254602,68.422174      
10206307,310.409149,67.703350      
10206840,310.755012,67.642348      
10468528,310.621918,68.093963      
10402819,310.4552819,68.0492910    
10467570,310.013053,68.274863      
10272641,310.580110,67.779366      
10207321,311.155173,67.659347      
10207059,310.925136,67.628072      
10469976,311.710939,68.008730      
10599712,311.892878,68.102939      
10666932,313.055770,68.052717      
10600926,312.706884,68.008220      
10602976,314.079482,67.784432      
10602374,313.704834,67.886059      
10602015,313.471466,67.933372      
10474071,314.378162,67.561228      
10603170,314.270888,67.811359      
10603958,314.684343,67.659738      
10473692,314.075190,67.537424      
11509792,316.0566713,69.2469126    
11352756,315.624632,68.991827      
11247049,315.667164,68.687910      
11298714,314.938859,68.967590      
11298371,314.6115746,69.0020699    
11298561,314.847211,69.022931      
11085809,314.339998,68.593775      
11138375,313.750360,68.790118      
11031040,313.986325,68.607863      
11191557,314.124626,68.839876      
11244968,314.025583,69.025781      
11191444,314.028673,68.850727      
11245307,314.26706,68.94198        
11244855,313.881616,68.989917      
11084620,313.460867,68.820374      
11190768,313.443821,68.944145      
11083701,312.629897,68.908464      
11084022,312.917059,68.863886      
11083613,312.546312,68.912732      
11083319,312.3320292,68.9975095    
11136854,312.463957,69.006315      
11135910,311.701151,69.206567      
11188067,310.946620,69.371952      
11135286,311.113640,69.261013      
11027005,310.5744349,69.1393877    
11027337,310.899917,69.086162      
11293804,310.405842,69.658198      
11294218,310.842477,69.601244      
11026472,310.114536,69.242187      
10857953,309.959012,68.914018      
11612171,315.494667,69.588252      
11612603,315.825135,69.468147      
11509608,315.881763,69.244446      
11509277,315.618280,69.302906      
11560939,315.696553,69.410962      
11456449,314.942682,69.305791      
11508970,315.414209,69.383600      
11559818,314.724835,69.592312      
11403437,314.116248,69.295090      
11351140,314.2329166,69.2404219    
11350954,314.032706,69.235398      
11455925,314.466969,69.386373      
11559645,314.588033,69.624487      
11661782,314.304358,69.842250      
11559478,314.380531,69.594436      
11455176,313.834737,69.507983      
11453905,312.5698294,69.6894758    
11401466,312.360764,69.577883      
11453627,312.336846,69.753277      
11349014,312.325287,69.548495      
11295851,312.442682,69.406056      
9760904,302.5627536,68.1124555    
9700899,303.041175,67.898057      
9761625,303.328658,68.025255      
9821783,303.0783139,68.1090588    
9881628,303.341610,68.167616      
9456153,303.429573,67.428615      
9579328,303.574273,67.661787      
9882550,304.283896,68.071669      
9883123,304.815904,67.975029      
9702057,304.252515,67.781412      
9883214,304.885604,67.946433      
9641246,304.407031,67.654511      
9579860,304.054872,67.527770      
9640886,304.080489,67.726645      
9518506,304.205881,67.483779      
9641772,304.910358,67.543437      
9641484,304.672858,67.648437      
9580991,305.173932,67.442764      
9763419,305.069947,67.711588      
9702841,304.996131,67.652998      
9581445,305.611398,67.399975      
9825039,306.3373398,67.7009600    
9644558,307.412464,67.191308      
9583430,307.296166,67.127563      
9946773,307.771061,67.655461      
9705636,307.437993,67.325076      
9704774,306.785315,67.433051      
9583720,307.571232,67.125612      
9706209,307.797246,67.226599      
9706194,307.806564,67.250167      
9706585,308.054206,67.179083      
9767332,308.473775,67.271476      
9145781,303.184390,66.993399      
9145952,303.322029,66.969844      
9395535,303.247949,67.328594      
9332840,302.636813,67.307180      
9333290,303.109192,67.320799      
9333501,303.331045,67.295637      
9333184,302.992068,67.301014      
9396095,303.865420,67.275204      
9456478,303.731123,67.384269      
9080445,303.6947624,66.7378786    
9080175,303.5003276,66.8473067    
9080407,303.7062830,66.8134812    
9396363,304.176645,67.282410      
9147335,304.5580170,66.8138226    
9211401,304.8702243,66.8558085    
9273827,304.769610,66.991903      
9520156,305.724290,67.196802      
9336090,305.584893,66.969964      
9335518,305.058886,67.013376      
9582005,306.086076,67.293496      
9521461,306.9714077,67.1100387    
10202184,307.628972,68.159161      
10136291,308.220354,67.966918      
10071249,308.6624243,67.8002648    
10006852,307.8555262,67.8398402    
10005966,307.173738,67.937042      
10068810,306.887752,68.080357      
9945290,306.476551,67.887188      
10005422,306.730676,67.952424      
10267242,306.722538,68.397646      
10003419,305.038679,68.219124      
10199187,305.039238,68.493128      
10132247,305.254907,68.417248      
10066568,304.987836,68.296064      
9942816,303.993970,68.227093      
9882446,304.1458550,68.0507782    
10065848,304.310117,68.349411      
10002647,304.271605,68.249494      
10328498,302.911334,68.985397      
9881167,302.878047,68.261765      
10196797,302.869802,68.814115      
10196240,302.376581,68.880792      
9941141,302.189312,68.434222      
9820702,302.0256589,68.2995418    
10659100,307.6090013,68.9243320    
10593078,307.195283,68.843333      
10592924,307.131425,68.907161      
10724027,307.295542,69.037266      
10723388,306.781398,69.091165      
10527661,306.6001963,68.8193231    
10592249,306.515411,68.905990      
10721900,305.658706,69.298775      
10461757,305.5585357,68.8232025    
10395638,304.7984153,68.8647081    
10198347,304.2971372,68.6289269    
10525475,304.6578415,69.0545465    
10525282,304.4728481,69.0844700    
10525595,304.774819,69.050674      
10590683,305.157739,69.085412      
10524715,303.916273,69.143332      
10394814,304.0088629,68.9838765    
10459696,303.704761,69.103094      
10394570,303.732807,68.985439      
8479182,296.144299,66.662454      
8607581,295.3618621,66.9544906    
8737032,295.9130651,67.1814736    
8802374,296.222773,67.260822      
8867740,296.134134,67.299633      
8479383,296.3778456,66.7074756    
8479780,296.736919,66.642497      
8674581,297.632833,66.863188      
8739118,297.8693469,66.9781105    
8738834,297.5859678,67.0196071    
8804395,298.111327,66.990941      
8675106,298.183191,66.841674      
8676094,299.135025,66.671923      
8611114,298.8582112,66.6145340    
8805565,299.3301525,66.9294375    
8805663,299.3890517,66.8910673    
8612520,300.134958,66.438764      
8872979,300.6551464,66.8142721    
8613617,301.219196,66.368290      
8742013,300.7705906,66.6541899    
8677342,300.365512,66.560182      
8742545,301.199396,66.522851      
9077844,301.2646303,67.0479966    
8941202,301.405862,66.883018      
8081278,296.498279,66.097859      
8283646,296.775205,66.283843      
8283356,296.570155,66.398882      
8081535,296.695004,66.006228      
8415501,297.327127,66.508113      
8350443,297.4015599,66.3950698    
8350645,297.5494669,66.3177460    
8283958,297.1438835,66.3140791    
8284032,297.215199,66.296043      
8545291,297.655325,66.608251      
8545504,297.935470,66.660190      
8284682,297.845435,66.179395      
8285510,298.6431888,66.1562816    
8482522,299.548868,66.353144      
9269772,300.696397,67.483163      
9143834,301.273664,67.178878      
9143868,301.325422,67.196048      
9008270,300.2510947,67.1476131    
9392039,299.852850,67.752377      
9142574,299.989476,67.330441      
9205705,299.3798849,67.5465955    
9329058,298.7972300,67.8266380    
9329200,298.870794,67.730884      
8937073,297.785875,67.293665      
9328135,297.728011,67.844716      
9139859,297.348773,67.595951      
9004448,296.953814,67.490857      
9202995,296.661378,67.801581      
9003765,296.234220,67.491083      
9002344,295.029349,67.594733      
8934264,295.267469,67.479149      
8671819,295.046915,67.170443      
9453362,300.613830,67.810756      
9818513,299.689469,68.501768      
9758246,299.676484,68.412766      
9451434,298.710922,68.026705      
9451999,299.300339,67.917762      
9574650,298.788745,68.187776      
9635603,298.438851,68.354515      
9390293,298.070204,67.941753      
9635388,298.232873,68.365747      
9450786,297.996463,68.089644      
9511938,297.480629,68.278142      
10023439,318.242347,66.024989      
10087394,318.339945,66.114554      
10153739,318.342621,66.191441      
10286616,318.886245,66.337039      
10220795,318.9293306,66.2633341    
10220213,318.622051,66.293081      
10025321,319.110387,65.844473      
9903915,318.636171,65.708942      
10025387,319.097994,65.809142      
9904563,318.957678,65.667361      
10155731,319.248346,66.031601      
10090400,319.671217,65.808038      
10290457,320.514543,65.995421      
10157507,320.0066023,65.8653734    
10224100,320.280424,65.905464      
10224535,320.498532,65.897352      
10159217,320.658866,65.720281      
9968040,320.615600,65.431698      
9967351,320.276793,65.473218      
9967174,320.2774948,65.5598265    
9967700,320.4881787,65.4897243    
9966823,320.053856,65.540404      
9968249,320.705869,65.408616      
10161943,321.756074,65.502994      
9970467,321.6728732,65.2376825    
10095409,321.779044,65.379995      
9851743,321.7652414,64.9360732    
10162765,322.096023,65.453707      
10229796,322.500723,65.436076      
10163776,322.511094,65.363849      
10297313,323.337748,65.442027      
10362043,323.0487482,65.5393104    
9662343,318.280929,65.336580      
9540226,318.476430,65.152386      
9843358,318.246992,65.657972      
9662395,318.346506,65.365641      
9724324,318.877141,65.371338      
9724882,319.143678,65.344945      
9542218,319.264244,64.945194      
9846877,319.878596,65.397068      
9906278,319.662207,65.494087      
9785675,319.430553,65.379431      
9786625,319.753076,65.244888      
9605294,319.841698,64.983864      
9604524,319.503378,65.011703      
9726814,319.862838,65.117508      
9847893,320.264617,65.314274      
9727392,320.164806,65.141551      
9728284,320.529976,65.064578      
9727675,320.189804,65.043682      
9728845,320.731046,64.990276      
9788834,320.664635,65.044059      
9909804,321.179567,65.165972      
9790050,321.2246311,64.9785280    
10817660,323.1512091,66.3880081    
10880958,323.4118140,66.4717021    
10881810,323.7044192,66.3088189    
10753962,323.584976,66.119157      
10684837,322.5274594,66.2718104    
10553844,322.067132,66.129457      
10492041,323.041099,65.871523      
10555186,322.632654,66.003805      
10683647,322.059179,66.407162      
10816214,322.487837,66.461639      
10816748,322.690412,66.413679      
10488243,321.466618,66.170361      
10357764,321.375095,65.940773      
10358632,321.719405,65.885473      
10291535,320.977941,65.923259      
10552202,321.330160,66.254781      
10489073,321.815533,66.100766      
10552972,321.7030491,66.2242457    
10552614,321.603826,66.294354      
10618005,321.842002,66.352096      
10747862,321.311247,66.643843      
10749112,321.809526,66.558767      
10420822,320.6254355,66.1736322    
10355672,320.528033,66.138360      
10356057,320.691766,66.103072      
10614707,320.3544408,66.5624024    
10614602,320.375153,66.618228      
10485765,320.395661,66.349730      
10483504,319.455033,66.580301      
10678016,319.618287,66.929749      
10613466,319.821428,66.695530      
10546977,319.155147,66.794231      
10613112,319.657736,66.734993      
10417308,319.126294,66.486836      
10353044,319.351556,66.363730      
10352615,319.152620,66.409151      
10287323,319.247463,66.300178      
10610250,318.295105,67.015756      
10545152,318.102515,66.909933      
10742794,319.069414,67.053491      
10480806,318.144283,66.874911      
10285722,318.507660,66.475415      
10482001,318.785854,66.747096      
10416550,318.866129,66.625518      
10086465,317.935426,66.251777      
10991271,322.839170,66.822099      
11045572,323.017748,66.899074      
11152823,323.1110291,67.1068260    
11152753,322.996711,67.057187      
10992126,323.2815100,66.6811113    
10936814,323.0572452,66.6685901    
10991673,323.034167,66.746365      
11204531,322.648400,67.217397      
11044315,322.264812,67.021064      
11152312,322.792417,67.144225      
10935853,322.449701,66.700229      
10934758,321.9222078,66.9085792    
10877915,321.912376,66.702187      
11043832,322.035941,67.101793      
10747240,321.079981,66.704663      
10873444,319.7985681,67.1282474    
10743092,319.304872,67.091878      
10743515,319.463546,67.006106      
10809457,319.702652,67.104740      
8955683,311.168009,65.467567      
9025029,311.386662,65.532400      
9157260,311.511428,65.718307      
9220076,311.069889,65.864107      
9283816,311.8769223,65.8316643    
9283918,311.969196,65.845051      
9025882,311.900115,65.458866      
9346602,312.7794271,65.8457435    
9469165,313.064985,66.052239      
9408361,312.939033,65.936432      
9222389,312.484089,65.632542      
9409513,313.6607759,65.8122897    
9027871,313.019677,65.288427      
9350701,315.138569,65.461143      
9350031,314.706045,65.466338      
9411366,314.656548,65.586890      
9163153,314.847152,65.132675      
9100444,315.838574,64.871388      
9163785,315.326016,65.101570      
9351617,315.581107,65.302326      
9351186,315.356576,65.357519      
9414068,316.166744,65.291282      
9034557,316.210135,64.707338      
9229601,316.490769,64.962834      
9292408,316.724651,64.998591      
9291249,316.142475,65.096057      
9291830,316.402770,65.024888      
9291976,316.467699,65.007424      
9353187,316.3597677,65.1805393    
9475697,316.548860,65.326224      
9353531,316.528601,65.129036      
8564559,311.887171,64.740434      
8693004,311.5838119,65.0031186    
8693018,311.536855,64.943522      
8822689,311.715248,65.104134      
8957543,312.193243,65.230510      
8822878,311.885478,65.151192      
8824452,312.759983,64.958684      
8824264,312.627470,64.949720      
8890410,312.235348,65.145798      
8565016,312.086420,64.640615      
9028511,313.288485,65.174972      
9028321,313.210934,65.206785      
8759811,313.099225,64.824282      
8759746,313.053255,64.828221      
8759207,312.693005,64.823626      
8825444,313.336283,64.875561      
9029195,313.634244,65.127280      
8826079,313.622125,64.761426      
9029603,313.869381,65.134624      
8962844,314.786731,64.787291      
8962923,314.863767,64.825634      
8827934,314.629777,64.645509      
8761471,313.950261,64.632437      
8826496,313.839921,64.731127      
9032691,315.378603,64.837327      
9658002,316.049930,65.780892      
9780183,316.696955,65.885565      
9839918,316.448320,66.054214      
9839246,316.020382,66.078612      
9597214,316.007209,65.666777      
9536330,316.4614731,65.5013232    
9658793,316.457451,65.691250      
9658072,316.056310,65.745811      
9535050,315.6988701,65.5915521    
9534934,315.6656355,65.6246745    
9412408,315.331472,65.498639      
9596639,315.664407,65.720934      
9718024,315.5620261,66.0016143    
9596106,315.395351,65.795085      
9472076,314.626695,65.713404      
9716866,314.906686,66.115546      
9656523,315.159458,65.925362      
9470276,313.679048,65.885494      
9471284,314.193225,65.769556      
9655101,314.400509,66.121972      
9775927,314.2668487,66.2995566    
9716522,314.6681524,66.1006197    
9835626,313.947768,66.500856      
9835436,313.813941,66.502774      
9652704,312.913372,66.394393      
9714063,313.192679,66.426061      
9713617,312.902852,66.473731      
9529974,312.763937,66.209381      
9712888,312.3845609,66.5283529    
9406638,311.859250,66.132484      
9591097,312.443980,66.298263      
9711349,311.334463,66.672290      
9711231,311.287668,66.733802      
9711492,311.446867,66.676172      
9650046,311.121809,66.657525      
9650527,311.490645,66.641354      
9589638,311.521574,66.475646      
9282363,310.969958,66.028939      
9405269,310.9590611,66.2299392    
9405555,311.113112,66.168657      
9405480,311.064896,66.181819      
10282002,316.446203,66.800901      
10083480,316.367039,66.552544      
10018973,315.826035,66.527630      
9958567,315.845073,66.412046      
10018239,315.402347,66.608582      
10213931,315.296794,66.894586      
10280586,315.674576,66.988285      
10148026,315.535114,66.810213      
10212620,314.594716,67.050239      
10147072,314.961777,66.851782      
9896174,314.440173,66.491908      
9835790,314.043125,66.466933      
10145279,313.889849,67.016389      
9893889,313.0376451,66.8075452    
9833073,312.269935,66.787176      
6762022,298.686734,64.066904      
7018252,298.6996750,64.3942239    
7429055,298.870991,64.850212      
7347189,298.846855,64.722151      
7103297,299.531999,64.387556      
7103666,299.732246,64.307478      
6935260,300.0878244,64.0932239    
7020371,300.235796,64.172941      
6850417,300.642345,63.885562      
6850177,300.5247446,63.9542217    
6851499,301.393936,63.877453      
6936796,301.094770,63.999474      
7108501,302.772633,63.963093      
6854095,302.888904,63.623640      
6768319,302.633286,63.543789      
6853779,302.722081,63.646565      
6854391,303.037644,63.596054      
6768355,302.692115,63.594121      
7109120,303.127956,63.916861      
6940048,303.0145049,63.7002875    
7025721,303.484176,63.806818      
7273672,303.413657,64.042213      
7191673,303.239870,64.010918      
7273426,303.336233,64.144399      
6429457,299.152794,63.614375      
6428974,298.777833,63.607706      
6590363,298.543780,63.901361      
6508328,299.225771,63.700085      
6508943,299.666325,63.665256      
6191288,299.239791,63.299853      
6192431,299.967572,63.187427      
6430534,299.962801,63.535639      
6192043,299.721536,63.214901      
6764229,300.129381,63.856322      
6849167,299.883254,63.997017      
6677653,299.971269,63.805396      
6678428,300.505032,63.769109      
6765032,300.661427,63.804231      
6678432,300.472525,63.715762      
6593240,300.443762,63.641677      
6431941,300.922981,63.413135      
6593623,300.636886,63.562583      
6680734,301.856957,63.600717      
6680386,301.617187,63.589887      
6594505,301.202053,63.532056      
6681414,302.223260,63.521425      
7674224,303.241897,64.679181      
7672969,302.295452,64.736219      
7744204,302.775671,64.822265      
7518352,303.012203,64.405738      
7352718,302.496835,64.269379      
7189610,302.0307722,64.1966973    
7190047,302.240371,64.088178      
7516687,302.082296,64.617300      
7351098,301.481255,64.412416      
7270142,301.270132,64.344530      
7671562,301.228929,64.859826      
7596350,301.494130,64.756368      
7743176,301.962546,64.915234      
7672405,301.895173,64.804511      
7595285,300.7374076,64.8492884    
7515516,301.3232134,64.6843651    
7431665,300.621795,64.612457      
7349386,300.369656,64.549477      
7593843,299.737935,64.953587      
7430868,300.1234731,64.6677159    
7430415,299.843222,64.793541      
7668782,299.155710,65.172877      
7592356,298.577850,65.113494      
7346442,298.356144,64.869671      
7346365,298.247670,64.807134      
7591642,297.970487,65.130164      
7510604,297.988167,65.037122      
7345200,297.397291,64.968778      
7017044,297.7637486,64.4262696    
7100768,297.722898,64.540023      
7950550,302.482857,65.141387      
8088244,302.728082,65.306538      
7949599,301.788751,65.261320      
7811522,301.553717,65.095422      
7949258,301.496776,65.294745      
8154541,301.333022,65.570726      
8354896,301.548226,65.908838      
7670419,300.399096,65.022401      
7670489,300.449658,65.003758      
8154383,301.195123,65.577405      
8086192,301.050892,65.535367      
7741179,300.414128,65.072260      
7948086,300.515952,65.434425      
8017159,300.8570067,65.4793905    
7948193,300.582832,65.370909      
8016118,299.950056,65.568328      
7808227,298.808472,65.339297      
7807614,298.272583,65.417669      
5339823,292.311369,62.982801      
5426041,292.340505,63.114874      
5597965,292.971639,63.236517      
5685000,293.744383,63.283241      
5512777,293.556050,63.076807      
5770923,294.3281733,63.2642002    
5598789,293.643635,63.177328      
5599763,294.466964,63.114055      
5514079,294.602922,62.957708      
5857618,295.093868,63.342458      
5515314,295.701598,62.849791      
5772710,295.853654,63.148610      
5514974,295.381789,62.886184      
5602545,296.643760,62.828619      
5859492,296.5808058,63.1328145    
5860093,297.012297,63.081165      
5517442,297.304620,62.709725      
5689606,297.396537,62.854945      
5689343,297.154727,62.849029      
5774568,297.256513,62.982937      
4814198,293.2752566,62.2617604    
4902641,293.3219865,62.3442971    
4902701,293.358860,62.331931      
4633907,293.7169454,62.0448961    
4991033,294.189436,62.424600      
4991732,294.713723,62.377038      
5167473,294.961017,62.558012      
5257167,296.021788,62.476900      
5168713,295.853272,62.378276      
5168382,295.654162,62.453470      
6188215,296.977346,63.534733      
5858947,296.168059,63.206985      
6425301,295.946550,63.968829      
5858034,295.422348,63.280127      
6346443,295.817983,63.839072      
6185790,295.018666,63.711921      
6104786,295.249626,63.636126      
6424157,294.992588,64.092658      
6345474,295.039215,63.911805      
6423690,294.5989546,64.1283514    
6264398,293.249125,63.965082      
6343222,293.119036,64.079363      
6263410,292.439675,64.094526      
6262867,292.017267,64.155786      
6262706,291.868450,64.151669      
6181896,291.975356,64.076925      
6101471,292.494018,63.882662      
6929729,296.150653,64.550590      
6843557,295.766286,64.480186      
6843705,295.891290,64.470524      
6928997,295.517983,64.619413      
6929280,295.783727,64.598691      
6502831,295.061249,64.181847      
6756908,294.865647,64.439493      
6756579,294.6477970,64.4666293    
6501676,294.189241,64.267306      
6755907,294.153802,64.535123      
6755830,294.1172143,64.5920049    
6755373,293.7358090,64.5945280    
3323943,295.351496,60.568312      
3217051,295.556331,60.384071      
3216467,295.202427,60.445966      
3526625,295.175785,60.764952      
3424105,294.462014,60.718020      
3425675,295.500343,60.650487      
3527032,295.4340082,60.6968966    
3425476,295.374438,60.672747      
3527891,296.0056758,60.6798836    
3529597,297.044979,60.565267      
3529276,296.842159,60.574835      
3528656,296.472258,60.602794      
3631402,297.600521,60.616575      
3326790,297.096051,60.372574      
3530823,297.732311,60.406866      
3531478,298.112672,60.398986      
3222670,298.7580002,60.0012450    
3222220,298.509646,60.011289      
3633057,298.599012,60.477393      
3633152,298.653477,60.459465      
3532734,298.845195,60.308348      
3432732,299.4611742,60.1684333    
3736477,299.693816,60.465442      
2140446,295.477987,59.614118      
2283075,295.629557,59.654546      
2554924,295.759276,59.826386      
2423824,296.3641035,59.7013388    
2142095,296.310557,59.528065      
2141928,296.1999878,59.4784770    
2834230,296.5567476,59.9883498    
2424934,296.9606118,59.6577383    
2285898,297.059250,59.554303      
2424822,296.893260,59.625268      
3101090,297.442479,60.097712      
2696732,297.373156,59.779338      
2697082,297.532178,59.747222      
2836038,297.496680,59.916854      
2973894,297.576132,59.928558      
3102479,298.217257,60.032970      
3942203,299.037736,60.710559      
4042951,298.185745,60.898854      
4143460,298.740337,60.949631      
3733028,297.707179,60.681516      
4350501,298.085678,61.201428      
4141815,297.673021,61.091808      
3835996,297.379834,60.787371      
4041405,297.264963,61.027042      
4140726,297.011195,61.118033      
3938291,296.6036465,60.9546722    
4039306,296.031135,61.179232      
4244973,296.4206352,61.3044188    
4139914,296.5002415,61.1915505    
4139784,296.420275,61.196040      
4040211,296.575954,61.143796      
3937217,295.925686,61.076728      
4243796,295.7307604,61.4476943    
4243803,295.7204695,61.4207325    
4346893,295.775739,61.473779      
4346319,295.357605,61.507087      
4445711,295.054530,61.684688      
4241369,294.299090,61.533773      
4345370,294.682818,61.615787      
3934458,294.0879289,61.2235320    
4136374,294.4772570,61.3950618    
4036300,294.496243,61.343615      
4036007,294.320683,61.346257      
5084662,298.307622,62.072796      
4548564,299.038540,61.316376      
4640537,298.354577,61.497237      
5083936,297.775255,62.115105      
4995788,297.672895,61.990281      
4546625,297.752167,61.520416      
4448636,297.130402,61.492366      
4545474,296.945185,61.524905      
4638317,296.884016,61.725756      
4906950,296.6776331,62.0351742    
4543229,295.361463,61.754895      
1864855,302.412709,58.484884      
2444348,304.1095870,58.6043878    
2303367,303.9007656,58.6043504    
2305930,304.7389032,58.4922300    
2018392,304.929105,58.254694      
2307683,305.280301,58.398776      
1726211,305.0968342,58.0213440    
2448225,305.356111,58.493550      
2449703,305.822050,58.363249      
2309469,305.816449,58.273234      
2996112,306.067875,58.786198      
1720425,303.329870,58.264347      
1162746,303.196445,57.822870      
1432587,303.439618,57.991521      
1433730,303.821166,57.968870      
1576469,304.3344970,57.9529670    
1433593,303.788487,57.995431      
1435573,304.422203,57.919811      
3120486,305.345312,58.934156      
3120585,305.387795,58.943601      
2714397,304.3268803,58.8187713    
3444374,304.508356,59.390065      
2988988,303.790358,59.106874      
3114408,303.317189,59.270994      
3231503,302.678366,59.481482      
3748691,305.081223,59.648022      
3955590,305.1294787,59.8138870    
4057744,304.976367,59.938607      
4262505,304.9656141,60.1644484    
3747777,304.770235,59.741195      
3545147,304.496062,59.524396      
3747860,304.783429,59.699772      
4056266,304.383110,60.025354      
3849027,303.925999,59.890947      
3443483,304.168241,59.460888      
3645232,304.238406,59.713275      
3339894,303.298257,59.495047      
3847071,303.059409,60.014089      
3642038,302.837710,59.874806      
3847697,303.388615,60.052369      
3453419,307.799353,58.937754      
3860176,308.216688,59.241998      
4168909,308.746888,59.453118      
3760337,309.3346444,58.9342287    
3869326,311.105618,58.717528      
3560181,309.8182184,58.6774824    
4760954,311.008705,59.741086      
4279700,310.785546,59.203309      
4575645,310.5174373,59.5533498    
4937204,310.878585,59.947864      
4378473,309.897540,59.526247      
4475934,309.538220,59.628199      
4755467,309.086253,60.027607      
4662939,308.746556,60.008245      
4570555,308.793151,59.882754      
4843143,308.6989148,60.1934238    
4569298,308.372394,59.991804      
4271039,308.056264,59.705501      
4469886,307.297912,59.980101      
4469602,307.201790,60.017443      
5288716,311.432145,60.303166      
5287610,311.079933,60.367274      
5374118,310.734178,60.462472      
5283798,309.586521,60.566644      
4930906,308.625640,60.369301      
5104949,308.221508,60.651670      
5017711,308.564221,60.472098      
3656231,308.315456,59.058501      
4169130,308.847965,59.486433      
3758458,308.6699568,59.0746831    
4275625,309.514498,59.395979      
3660976,309.878864,58.792279      
3455760,308.626297,58.798952      
3457618,309.199277,58.632072      
4764420,311.952678,59.502895      
4764422,311.970045,59.525937      
4570120,308.639546,59.923735      
4269391,307.450322,59.761646      
4164910,307.413884,59.645901      
5288607,311.385971,60.293280      
5285357,310.245093,60.517163      
5196152,309.649050,60.487176      
4933594,309.597750,60.155111      
5282875,309.2378994,60.6435342    
5283958,309.703963,60.627998      
