KIC,Imag,Teff,[M/H]2,dnu,kic_kepmag,numax
10907196,9.74537682896,4808,-0.08,4.67,11.501,44.12
10962775,9.85629157162,4819,-0.29,4.11,11.436,35.12
11177749,10.1851563785,4612,0.06,4.11,10.898,34.18
11231549,9.91222939441,4574,-0.03,3.4,10.958,30.25
11178396,11.017179542,5017,-0.81,3.85,11.689,28.3
11072334,10.1734610306,4851,0.16,6.68,10.59,79.25
11232225,11.1690902185,4623,0.22,3.81,11.766,33.06
11179815,9.60638242064,4875,-0.08,4.17,10.403,36.21
11018710,10.646736591,4519,0.16,5.39,11.498,53.34
11180468,8.81935176413,4556,0.23,5.03,10.38,50.71
11340165,10.8658687248,4783,-0.26,4.06,11.752,33.0
11287679,10.567776244,4837,-0.23,4.79,11.155,45.53
11234625,10.2000201472,4746,-0.14,4.17,11.525,34.41
11128910,9.97932802588,4735,-0.11,4.2,11.112,36.71
11129153,11.0687209177,4636,-0.37,3.72,11.54,27.16
11289335,10.9162590775,4569,0.24,4.17,11.653,35.94
11289128,10.3051587105,4931,-0.88,4.08,11.19,29.13
11129480,9.99990029952,4710,0.21,4.67,11.311,42.59
11129945,11.067086675,4772,0.03,4.91,11.667,51.03
11236536,10.9108958242,4607,0.07,4.53,11.059,43.12
11289822,9.8035674491,4637,0.46,6.75,10.698,72.4
10651578,11.0366673706,4822,-0.23,4.12,11.783,32.78
10651320,10.7217972393,4926,-0.66,4.1,11.61,29.21
10847321,10.9512889347,4671,0.2,6.51,11.756,68.59
11018922,10.6494057862,4926,-0.38,4.13,11.635,33.47
11018745,10.6109670911,4464,0.49,3.97,11.774,35.0
10848618,9.31846566673,4697,-0.07,4.05,10.567,33.23
10908322,11.0882210354,4855,-0.52,3.61,11.323,30.31
10964584,10.828879586,4744,-0.54,4.05,11.707,31.18
10784013,10.7724331714,4408,-0.23,2.27,11.74,17.02
10849541,10.3887209177,4467,-0.27,2.83,11.625,21.72
10718491,10.5363824206,4663,0.03,4.93,11.383,48.88
10653383,10.2306660671,4775,-0.05,4.42,10.936,41.36
11074543,10.778778777,4631,-0.24,5.95,11.791,56.87
11019954,9.94534691798,4871,-0.27,4.18,10.425,34.64
11020211,9.65775084522,4826,-0.48,9.72,10.436,104.63
11020101,10.0706707222,4878,0.2,8.52,11.099,122.66
10910802,10.8369167846,4462,0.2,3.03,11.675,23.14
11075908,10.8419579427,4785,-0.12,4.33,11.748,37.93
10966458,9.44214539475,4596,0.0,3.93,10.246,32.13
10910674,9.8336520672,4579,-0.04,4.05,11.153,36.02
11551758,10.0751563785,4729,-0.17,3.88,10.791,31.05
11499428,11.164808568,4832,-0.36,4.06,11.819,33.08
11551746,10.8341828867,4841,-0.01,4.68,11.643,44.82
11394905,11.0751587105,4830,-0.52,4.33,11.365,39.08
11550567,10.4363824206,4861,-0.12,4.08,11.493,37.24
11498298,9.72214539475,4874,-0.24,4.49,10.592,42.21
11704163,10.8408958242,4547,-0.05,4.76,11.384,46.13
11341723,9.85889902625,4802,-0.51,3.92,10.79,29.12
11287936,9.67214539475,4615,0.03,5.32,10.589,51.37
11653073,11.1518209934,4711,-0.03,4.26,11.389,37.26
11702195,9.56009780529,4759,-0.46,5.59,10.643,50.86
11600208,10.5025888787,4931,-0.49,4.13,11.414,30.68
11548940,9.81790719082,4617,-0.23,3.1,11.627,24.09
11444313,10.7448459156,4694,-0.04,4.01,11.311,33.34
11599342,9.31214539475,4836,-0.14,10.65,10.289,131.3
11546913,10.5535674491,4934,-0.2,13.16,11.145,183.56
11598116,10.7760611735,4485,-0.29,2.47,11.615,18.39
11494312,10.233472525,4719,0.15,4.27,11.263,37.99
11441797,10.1559802941,4709,-0.23,5.81,11.165,56.59
11442227,9.80582381715,4654,0.06,3.38,11.428,28.13
11177727,10.8048459156,4479,-0.17,3.74,11.518,31.83
11905840,10.8831060756,4987,-0.31,10.21,11.641,120.8
11955410,10.1707056071,4764,-0.15,4.07,10.865,33.3
12005162,10.067776244,4890,-0.21,12.8,10.535,160.59
11805460,10.2521453947,4591,0.17,4.21,11.003,37.08
11805792,10.049596828,4720,-0.14,4.14,11.746,35.09
11855110,10.8735253971,4714,-0.25,4.34,11.697,37.74
11754056,10.9512889347,4648,0.11,4.21,11.752,33.91
11804677,9.89872091767,4488,-0.02,2.32,10.676,20.63
11703230,10.9379989158,4709,-0.19,4.03,11.249,33.16
11954465,9.633320742,4725,0.01,9.28,11.086,103.81
11954278,10.193472525,4572,0.14,4.15,11.374,36.91
11953849,10.7834610306,4720,-0.06,4.2,11.196,35.65
12003742,10.1049300285,4942,-0.1,5.38,11.406,61.84
11753018,10.328778777,4604,0.22,6.0,10.85,63.74
11752707,10.6909670911,4457,-0.45,2.59,11.666,18.96
12003253,10.5363824206,4643,-0.2,3.85,11.193,31.87
11953581,9.39179723934,4670,0.41,4.19,10.503,36.93
11250152,11.1105932904,4603,-0.23,3.55,11.77,29.95
11250139,10.4513074139,4691,-0.46,4.56,10.732,38.75
11563791,10.4135848416,4892,-1.36,4.95,11.003,41.82
11615224,10.539707411,4702,-0.03,4.02,10.91,30.46
11512096,9.90625907746,4918,-0.49,4.08,10.305,31.58
11564307,10.537086675,4760,-0.01,4.02,11.201,36.15
11668246,10.9452353889,4746,0.31,4.27,11.649,39.3
11668036,9.82872091767,4870,0.08,4.43,10.678,41.51
11667928,10.1287209177,4782,-0.22,3.78,10.818,30.77
11357004,9.63484764113,4570,-0.22,3.1,10.359,24.9
11513798,9.83790719082,4749,0.33,8.3,11.069,91.02
11617622,10.9452353889,4719,0.12,3.87,11.682,32.13
11669113,10.8990935039,4587,-0.06,2.92,11.543,23.68
11410217,10.8390464913,5136,0.19,15.87,11.635,225.92
11514322,9.9636520672,4776,0.18,5.7,11.273,60.46
11410549,9.55058727953,4953,0.14,4.13,10.402,36.86
11357686,11.0936165871,4734,-0.03,5.84,11.795,55.69
11463411,10.0506660671,5149,-0.1,4.54,10.893,51.71
11515377,10.2290935039,5210,-0.15,14.66,10.751,192.85
11721438,11.1708299971,5037,0.22,8.68,11.747,110.14
11669622,10.6531041934,4928,-0.25,4.01,11.193,35.02
11567572,9.81935176413,4860,0.37,5.42,11.445,57.1
11568605,10.1584381746,4702,0.2,4.83,10.719,48.77
11517524,10.1599002995,4787,0.26,8.82,11.335,103.13
11567563,10.8450410555,4728,0.1,4.37,11.607,43.71
11518492,10.4589506809,4668,0.11,5.32,11.207,52.61
11413158,9.64708667503,4892,0.08,4.97,10.507,56.95
11465784,11.1735392901,4685,-0.02,4.22,11.644,34.73
11569659,10.2877778872,4768,-0.32,4.08,11.508,31.69
11519991,9.76070560712,5040,-0.17,8.21,10.333,99.05
11623012,10.5351587105,4779,-0.14,4.27,11.581,36.17
11621486,10.5286621822,4599,-0.37,4.12,11.497,36.21
11521352,10.4855289689,4809,-0.09,9.17,11.535,106.07
11572172,10.1019579427,4717,-0.12,3.94,10.749,31.82
11521197,10.7054605871,4685,-0.03,6.13,11.496,67.85
11468340,11.8805092844,4823,-0.05,4.71,11.758,41.81
11673900,10.5472075162,4677,0.04,4.56,11.46,43.0
11674692,10.5411361155,4888,0.32,6.97,11.5,84.45
11775398,9.47892647824,4778,0.04,4.16,10.233,33.26
11775511,9.608879586,4617,-0.34,5.21,10.307,47.27
11090395,11.0834610306,4738,-0.2,4.2,11.47,37.42
11037290,9.77066606706,4730,0.17,4.41,10.386,42.46
11037219,9.52023004179,4975,0.26,8.45,10.219,118.02
11090673,10.7870752794,4884,-0.32,2.26,11.626,22.14
11251136,11.1782210354,4640,0.13,3.2,11.453,28.88
11250488,10.6179989158,4582,-0.11,2.87,11.193,24.39
11252233,11.3032937047,4792,0.09,3.73,11.692,31.49
11251837,9.85843817463,4602,0.25,3.45,10.641,28.13
11357931,10.0722293944,4923,-0.12,4.14,11.427,36.16
11197457,9.75956330947,4832,0.0,4.46,11.534,39.71
11145563,11.1940572234,4962,-0.37,3.85,11.78,30.3
11146230,9.88023004179,4975,-0.38,4.4,10.532,32.23
10983401,9.93909350387,5093,0.2,7.67,10.615,92.86
11146152,10.491455026,4637,0.29,3.56,11.135,32.0
11359175,11.1448358771,4814,0.0,4.18,11.613,35.32
11358755,10.0900978053,4651,0.01,3.99,11.464,37.03
11252437,10.518778777,4632,0.17,3.41,11.085,26.83
11305250,10.5290935039,5145,-0.08,7.48,11.234,93.81
11146647,11.0695960805,4615,0.03,3.36,11.669,30.52
11199105,10.6368949267,4591,0.38,3.76,11.622,32.02
11199783,10.5411361155,4891,0.12,4.68,11.469,45.14
11252706,11.1559638327,4943,-0.03,4.51,11.687,41.73
11360886,10.1009670911,4723,-0.08,4.19,11.064,44.98
11413138,10.646736591,4588,0.19,4.6,11.535,46.02
11200573,11.1035674491,4714,0.02,4.04,11.774,33.66
11307599,10.7207881934,4872,-0.36,4.17,11.541,35.58
11308784,11.1994057862,4677,-0.26,6.12,11.448,61.58
11308660,9.81793113169,4607,0.14,4.28,10.911,36.86
11361765,10.2262590775,4804,-0.33,9.22,10.829,103.1
11414700,10.4100572758,4790,-0.07,4.22,11.371,37.72
12121377,10.8135125329,4755,-0.1,4.49,11.752,43.21
12121656,10.4855289689,4816,-0.23,4.25,11.555,37.97
11924919,9.50145502602,4836,0.15,9.26,10.208,114.52
11824976,11.0695960805,4629,0.0,4.08,11.652,37.1
11973853,11.3532937047,4929,-0.12,14.48,11.449,204.22
12121207,11.3700554554,4711,-0.37,3.59,11.515,27.4
11823838,10.083472525,4892,-0.51,4.47,11.019,42.11
11722424,10.1331143968,4569,0.09,2.72,10.825,22.55
11971940,9.28720751615,4586,0.35,4.69,10.281,47.39
11721374,10.3031143968,4713,0.12,5.92,11.164,59.96
11971123,9.95179723934,4870,-0.11,3.91,11.085,33.54
11970987,10.4107056071,5006,-0.1,4.66,11.117,43.25
11821439,9.83872091767,4691,0.1,4.78,10.843,47.82
11819760,10.3648459156,4773,-0.23,3.63,10.795,30.52
11920678,9.6362387202,4646,0.0,4.14,10.332,37.96
11820688,9.81708667503,4783,0.11,4.18,10.587,38.97
11869095,9.47493002853,4640,0.3,5.33,10.48,55.95
12017985,9.57070560712,4988,-2.2,2.62,10.173,18.59
11868264,10.8275590532,4963,-0.49,3.33,11.579,34.7
11769182,10.1307881934,4494,0.09,4.58,10.6,43.57
12114999,10.8846024318,4869,-0.34,4.35,11.73,40.0
11868246,10.7294490693,4682,0.25,3.7,11.603,33.65
11767058,9.65872091767,4922,-0.08,5.34,10.531,54.55
11614827,10.5441811367,4885,-0.43,4.28,11.518,35.21
11716326,10.0228415584,4789,0.13,16.7,11.75,217.02
12418515,11.0936165871,4888,-0.34,4.06,11.799,35.7
12316494,10.6081864208,4786,-0.24,3.76,11.52,31.55
12367827,10.3988990263,4849,-0.16,4.22,11.452,39.14
12169845,9.83932802588,4599,0.07,3.27,10.723,30.43
12120230,10.4031041934,4786,-0.34,5.31,10.989,50.8
12217154,9.86009780529,4814,-0.06,4.65,10.946,47.35
12168406,10.7876866681,4499,0.41,4.73,11.721,45.33
12366461,10.4970280844,4601,0.05,4.47,11.295,43.12
12366537,9.47214539475,4917,-0.18,4.73,10.349,47.23
12470054,10.0436520672,4863,0.14,12.51,11.375,158.57
12070114,9.98058727953,4766,0.05,4.25,10.862,39.27
12070650,9.7162387202,4955,-0.16,4.43,10.364,40.08
12314927,10.5707056071,4510,-0.25,2.02,10.798,15.18
12365293,9.57229420837,5214,0.03,7.49,10.249,94.68
12314910,10.1062641943,4622,-0.32,2.94,11.357,23.09
12215647,9.74250092497,4757,0.12,4.95,10.585,49.26
12167521,10.5177508452,4928,-0.27,4.29,11.026,35.62
12216750,10.4716551237,4805,-0.04,8.72,11.487,95.57
12118044,10.740237048,5009,0.03,5.94,11.568,64.6
12117790,10.0102300418,4952,0.02,9.44,10.428,113.51
12164879,10.5079989158,5020,-0.02,4.75,10.678,53.08
12116393,11.0779465278,4688,-0.01,6.24,11.793,61.09
12067001,9.8336520672,4884,-0.27,4.53,11.044,42.61
10662618,9.79347252503,4634,-0.02,3.93,11.006,31.55
10793771,9.33708667503,4742,0.18,6.64,10.266,78.09
10793872,10.9362590775,4834,-0.26,14.85,11.603,181.43
10858331,10.8402421544,4780,-0.46,3.8,11.64,28.24
10973854,10.6782210354,4348,0.1,3.55,11.317,31.07
10532751,10.0635848416,5138,0.03,8.29,10.736,101.1
10598558,9.51311439678,4922,-0.06,4.51,10.251,42.85
11028575,10.7870752794,4836,-0.13,4.27,11.62,36.98
11028372,10.7760611735,4582,-0.42,4.54,11.631,39.48
10918731,10.711455026,4643,0.3,4.6,11.638,45.86
10859779,11.0245148626,4687,0.26,7.26,11.677,79.36
10859941,10.4990935039,4688,-0.13,3.96,11.094,30.64
10977629,9.97009780529,4545,0.22,3.15,11.556,24.47
10921258,10.8345291204,4392,0.29,3.0,11.778,25.83
10799530,9.87914795081,4739,0.16,4.3,11.639,36.9
10667886,10.4588990263,4662,0.27,4.15,11.225,35.7
10801063,9.64358484157,4838,-0.37,15.96,10.38,198.14
10669123,10.4100572758,4803,-0.11,4.26,11.358,36.07
10979181,10.8369167846,4385,0.15,1.62,11.681,10.95
10864711,10.2051563785,4571,-0.04,4.84,10.845,45.26
10604460,10.028879586,4545,0.21,3.79,10.922,30.28
10670445,9.64777788721,4565,-0.11,3.56,10.761,30.75
10736390,9.86940578619,4987,0.18,5.78,10.543,67.66
10735926,10.5030180093,4874,-0.19,4.26,11.037,35.82
10866415,10.4335674491,4754,0.02,8.7,11.018,94.42
10979742,10.7749415789,4634,0.32,6.72,11.54,73.39
11141358,10.8456782333,4753,-0.34,3.57,11.511,27.61
10206307,10.427086675,4700,-0.2,4.06,11.237,31.85
10206840,10.4855289689,4797,-0.13,3.57,11.502,29.66
10468528,10.2127554161,4749,-0.11,3.66,10.9,27.75
10402819,9.57940578619,4957,0.07,5.28,10.287,54.24
10467570,11.0972993377,4567,0.3,4.04,11.785,33.14
10272641,11.1051563785,4883,-0.21,8.09,11.654,89.01
10207321,10.5735674491,4756,-0.52,6.66,11.519,64.56
10207059,11.1097546036,5012,-0.07,7.38,11.691,84.67
10469976,9.73843817463,4906,-0.03,4.84,10.635,51.16
10599712,10.2934610306,4719,0.03,4.1,11.06,38.29
10666932,10.4499925547,4615,0.23,3.93,11.25,36.59
10600926,10.9606660671,4868,-0.26,4.04,11.637,30.04
10602976,11.1206660671,4688,-0.2,4.06,11.695,36.21
10602374,10.8960052724,4735,0.24,4.13,11.714,37.64
10602015,10.596500366,4947,0.12,17.98,11.227,195.51
10474071,11.1559638327,4974,0.18,7.31,11.704,90.77
10603170,10.7650999146,4665,0.05,4.38,11.578,41.46
10603958,10.367086675,4642,-0.42,3.62,11.342,29.56
10473692,11.1211894146,4778,-0.04,8.62,11.621,92.47
11509792,10.0393280259,4578,-0.2,2.78,10.729,20.11
11352756,10.0692407988,4643,0.02,3.68,10.96,29.04
11247049,9.726542935,4865,0.05,3.87,11.087,34.2
11298714,10.1608122427,4626,0.43,5.88,11.148,61.58
11298371,9.52395822448,4803,0.15,4.1,10.255,35.55
11298561,10.9261271871,4748,0.08,4.31,11.765,36.75
11085809,10.9619579427,4971,-0.36,4.16,11.726,35.9
11138375,10.8283467206,4770,-0.12,3.9,11.734,34.66
11031040,11.098913144,4618,0.0,3.4,10.959,27.33
11191557,9.93629157162,4868,0.0,6.25,10.955,70.17
11244968,10.7234620737,4488,-0.07,2.68,11.068,23.58
11191444,10.5041517815,4481,-0.01,3.27,11.235,26.98
11245307,11.2416300855,4610,0.08,3.66,11.779,33.96
11244855,11.6452538315,4629,-0.18,4.25,11.762,36.37
11084620,10.9559802941,4525,0.49,2.9,11.736,25.99
11190768,10.6162387202,4882,0.09,17.24,11.713,226.91
11083701,10.4422293944,4688,0.01,3.83,11.792,31.81
11084022,9.45959682804,4634,-0.02,4.64,11.396,44.85
11083613,10.6548476411,4723,-0.6,8.67,11.629,89.1
11083319,10.1930180093,5091,-0.37,4.21,10.542,44.44
11136854,10.2831041934,4987,0.03,7.27,10.944,93.23
11135910,10.6107056071,4702,-0.58,3.65,11.102,29.5
11188067,10.297086675,4629,0.2,4.28,11.01,38.13
11135286,9.79914795081,4580,0.34,4.14,11.408,37.54
11027005,9.69872091767,4926,0.07,6.37,10.587,52.69
11027337,10.8369167846,4488,-0.02,3.87,11.7,33.77
11293804,10.4679923537,4401,0.02,3.94,11.463,34.1
11294218,10.8590915157,4366,0.01,2.43,11.228,18.76
11026472,9.66542622429,4762,0.17,7.71,10.877,91.66
10857953,9.24342092876,4724,0.18,4.02,10.543,32.96
11612171,11.1151587105,4785,0.22,3.97,11.719,36.47
11612603,10.6477809154,4862,0.02,8.05,11.478,84.8
11509608,10.7850842997,4771,-0.93,4.08,11.73,33.94
11509277,9.86617368746,4730,0.21,4.58,10.997,45.13
11560939,11.1067337162,5013,0.0,12.55,11.72,162.7
11456449,9.82842474069,4974,0.03,9.33,11.659,113.39
11508970,10.5007056071,4883,-0.16,3.93,11.347,34.47
11559818,9.3005815751,4620,0.52,3.69,10.842,39.67
11403437,10.7961825701,4763,-0.02,4.13,11.643,34.15
11351140,9.61311439678,4945,-0.37,4.07,10.861,32.8
11350954,10.1169598589,4750,-0.23,2.44,11.048,20.96
11455925,10.8087209177,4750,-0.25,4.06,11.55,30.54
11559645,10.9286832518,4709,-0.27,3.08,11.642,26.17
11661782,10.5048459156,4923,-0.35,5.76,11.141,60.55
11559478,10.488879586,4991,-0.38,4.04,11.217,36.26
11455176,10.4855289689,4831,-0.27,4.22,11.509,36.35
11453905,9.60790719082,4295,-0.22,2.29,10.724,17.14
11401466,10.4292407988,4842,-0.15,4.12,11.35,35.83
11453627,10.1233373936,4612,-0.04,3.96,11.414,31.1
11349014,11.4148358771,4942,-0.64,3.86,11.645,30.42
11295851,9.67582381715,5047,-0.03,7.54,11.263,93.88
9760904,9.93195794268,4943,-0.4,3.81,10.517,30.57
9700899,10.6277809154,4784,0.03,3.91,11.546,33.86
9761625,10.4134209288,4421,-0.2,1.4,11.49,9.27
9821783,9.70650036598,4878,-0.25,4.13,10.416,35.0
9881628,10.845599831,4726,-0.46,3.9,11.241,28.16
9456153,10.7668510287,4994,-0.36,4.14,11.244,33.52
9579328,9.723320742,4543,0.6,3.79,11.163,33.45
9882550,11.0936165871,4785,-0.09,4.3,11.791,36.74
9883123,10.4279923537,4901,-0.11,8.21,11.044,93.44
9702057,10.8968510287,4651,0.16,3.55,11.272,27.77
9883214,10.6209670911,4726,-0.26,3.77,11.324,28.64
9641246,11.020365964,4621,-0.02,4.2,11.721,36.8
9579860,12.4061129368,4595,-0.26,5.91,11.576,54.82
9640886,9.95629157162,4347,0.23,3.95,11.016,34.79
9518506,9.96066606706,4734,0.0,4.97,10.648,48.84
9641772,10.237086675,4725,0.08,4.09,10.995,35.04
9641484,10.0806660671,4717,-0.08,4.1,10.801,36.16
9580991,10.7390915157,4926,-0.13,5.66,11.654,61.99
9763419,11.420055057,4717,0.05,4.03,11.554,33.39
9702841,10.8369167846,4583,0.19,4.23,11.662,39.76
9581445,10.6780356156,4796,0.25,5.71,11.782,61.44
9825039,10.1682210354,5058,-0.08,8.44,10.638,101.89
9644558,11.4117750877,4930,-0.45,2.97,11.446,28.99
9583430,10.8593280259,4908,0.34,7.75,11.6,99.73
9946773,10.1500978053,5058,-0.79,2.79,11.49,29.78
9705636,9.65707339674,4588,0.27,3.99,11.631,33.45
9704774,10.7650999146,4679,0.03,4.06,11.583,35.08
9583720,10.2562387202,4694,0.08,5.66,11.57,55.11
9706209,9.64629157162,4881,-0.32,3.93,11.063,30.8
9706194,10.2872075162,4495,-0.11,3.26,11.601,26.72
9706585,10.4146052614,4832,-0.35,3.99,11.416,29.98
9767332,11.248778777,5013,0.15,8.6,11.67,113.16
9145781,10.8862387202,4948,0.07,17.58,11.76,242.05
9145952,11.0508958242,4674,-0.09,4.05,11.592,33.64
9395535,10.5893280259,4401,-0.31,2.89,11.792,22.37
9332840,10.8905335651,4739,0.21,4.41,11.54,40.39
9333290,9.4305815751,4497,0.04,2.93,10.976,23.86
9333501,11.2527554161,4594,-0.63,3.45,11.778,27.29
9333184,10.4869598589,4759,-0.23,4.02,11.655,32.5
9396095,10.686500366,4677,-0.18,3.92,11.114,30.01
9456478,10.1205872795,4395,-0.06,2.54,10.785,20.54
9080445,9.49932802588,4703,-0.17,4.31,10.5,39.11
9080175,9.41515637854,4659,-0.48,5.31,10.158,47.91
9080407,9.52395822448,4806,-0.19,4.69,10.282,44.91
9396363,9.81493002853,4618,-0.02,4.63,10.908,42.71
9147335,10.1799002995,4797,0.14,5.0,11.27,49.63
9211401,9.94229420837,4851,-0.11,3.38,10.635,28.65
9273827,10.5565394118,4932,-0.33,8.64,11.257,111.01
9520156,11.3013074139,4779,-0.08,4.3,11.708,31.33
9336090,10.6081864208,4768,-0.32,4.05,11.486,32.8
9335518,10.2793486264,4758,0.34,9.08,11.395,101.3
9582005,10.3892407988,4654,0.06,3.56,11.441,30.2
9521461,9.82937623818,4804,0.06,5.34,10.844,56.97
10202184,9.91321883923,4841,-0.32,12.64,11.726,157.53
10136291,10.7063824206,4648,-0.29,4.07,11.713,33.86
10071249,10.1869598589,4723,-0.31,4.02,11.082,32.48
10006852,9.68598029415,4951,-0.08,6.75,10.565,77.41
10005966,9.28342092876,4676,0.3,3.83,10.727,30.37
10068810,10.6708958242,4726,-0.38,5.32,11.167,48.41
9945290,11.0245148626,4699,0.12,4.35,11.689,37.56
10005422,10.7531237334,4922,-0.59,3.71,11.473,27.04
10267242,10.097301837,4720,-0.03,3.59,11.624,27.78
10003419,11.0608958242,4716,0.09,4.08,11.709,36.15
10199187,10.6557057875,4498,-0.32,2.43,11.554,17.92
10132247,10.7235674491,4729,-0.27,6.47,11.357,61.78
10066568,11.088879586,5018,-0.88,4.1,11.78,29.81
9942816,12.0187411904,4982,-0.43,4.45,11.541,40.23
9882446,9.80096709108,4739,0.1,4.97,10.582,49.53
10065848,10.2992407988,4780,-0.47,4.02,11.129,30.32
10002647,10.7162387202,4883,-0.23,4.26,11.519,37.61
10328498,9.91222939441,4776,-0.11,4.48,11.169,43.31
9881167,10.3422293944,4705,0.04,3.84,11.513,32.7
10196797,9.69695824157,4816,-0.25,4.04,10.975,30.87
10196240,10.2707056071,4665,0.11,4.04,10.808,34.66
9941141,10.1440002703,4715,0.32,7.93,11.408,88.72
9820702,9.41395822448,4858,-0.17,5.95,10.236,61.14
10659100,9.49214539475,4607,0.08,3.25,10.411,26.63
10593078,10.740237048,4939,0.18,15.35,11.567,203.91
10592924,10.8335392901,4848,-0.38,5.39,11.701,52.6
10724027,9.56914795081,4631,-0.24,3.93,11.375,31.66
10723388,11.0407056071,4726,-0.16,3.99,11.482,31.24
10527661,9.98534691798,5131,-0.94,4.45,10.681,31.48
10592249,11.155346918,4730,0.17,4.17,11.796,37.13
10721900,10.8790915157,4575,0.22,3.93,11.628,36.77
10461757,10.4431041934,4896,-0.55,3.48,11.067,25.92
10395638,9.33695985887,4654,0.14,4.45,10.187,42.4
10198347,9.63229420837,4993,-0.3,4.53,10.289,40.1
10525475,10.238778777,4747,-0.3,4.29,10.781,39.19
10525282,9.5079923537,4856,-0.29,4.11,10.535,35.48
10525595,10.1080356156,4860,-0.04,9.39,11.211,117.25
10590683,10.6389264782,4840,-0.26,3.72,11.711,27.15
10524715,10.2931143968,4923,-0.33,6.27,11.328,62.91
10394814,9.77229420837,5140,-0.26,17.16,10.644,204.13
10459696,9.54626419431,4558,0.17,5.88,11.113,61.05
10394570,11.164808568,4747,0.2,3.97,11.816,34.06
8479182,10.6051563785,4668,-0.06,3.95,11.415,33.92
8607581,9.74395822448,4871,-0.2,4.35,10.667,35.83
8737032,9.36778091545,4737,-0.04,4.43,10.197,42.28
8802374,9.84179723934,4677,-0.3,3.6,10.954,31.65
8867740,11.0321453947,4551,-0.52,2.94,11.59,22.2
8479383,9.4762387202,4648,-0.14,4.04,10.232,32.05
8479780,10.1879071908,5016,-0.31,4.37,11.368,40.15
8674581,9.86937623818,4782,-0.13,4.03,10.941,29.41
8739118,9.33889902625,4570,0.41,3.84,10.157,34.02
8738834,9.7935674491,4639,0.45,3.81,10.551,31.86
8804395,11.341455026,4632,0.09,3.24,11.736,25.41
8675106,9.31626419431,4681,0.29,6.64,10.607,72.13
8676094,10.4077809154,4491,0.3,3.52,11.14,28.87
8611114,9.83311439678,4747,-0.18,4.22,10.649,34.27
8805565,9.53866218222,4495,-0.13,3.96,10.482,34.76
8805663,10.0162590775,4923,0.21,4.51,10.593,49.25
8612520,10.6031143968,4708,0.13,4.2,11.725,41.53
8872979,9.93650036598,5091,0.03,6.39,10.76,77.05
8613617,11.2311894146,4922,-0.04,13.43,11.585,169.45
8742013,9.95358484157,4729,-0.54,3.16,10.632,25.12
8677342,10.8211894146,4743,-0.05,5.18,11.295,51.3
8742545,10.2633373936,4961,-0.29,12.09,11.451,140.8
9077844,9.32803561559,4716,0.55,4.72,10.194,47.07
8941202,10.9671483911,4825,-0.22,4.11,11.764,34.03
8081278,10.8369167846,4523,0.08,3.82,11.647,33.81
8283646,10.57055676,4699,0.21,6.06,11.466,66.02
8283356,10.3186621822,4704,0.18,11.11,11.63,133.38
8081535,10.3100978053,4673,0.24,4.53,11.176,42.24
8415501,11.2416300855,4611,-0.25,3.59,11.788,31.48
8350443,10.105346918,4703,-0.21,3.98,10.781,31.72
8350645,9.90214539475,4577,0.14,5.21,10.82,54.27
8283958,9.57638242064,4640,-0.24,4.05,10.354,37.24
8284032,10.8735253971,4706,-0.37,4.26,11.697,38.23
8545291,10.1031143968,4665,-0.12,5.81,11.201,55.1
8545504,11.4211894146,4919,-0.05,9.2,11.689,108.37
8284682,9.74626419431,4575,0.31,3.55,10.829,29.65
8285510,9.52940578619,4679,-0.38,3.06,10.169,24.46
8482522,10.831455026,4559,0.52,3.95,11.682,32.68
9269772,10.646736591,4588,0.1,5.88,11.512,57.79
9143834,11.0140419362,4528,-0.59,2.27,11.807,15.82
9143868,9.70222939441,4629,0.18,4.22,10.953,35.96
9008270,9.63395822448,4835,0.02,3.99,10.372,34.47
9392039,10.5172075162,4797,-0.18,4.04,11.563,36.49
9142574,9.97999255472,4842,-0.48,3.74,11.496,26.77
9205705,10.0588990263,4685,-0.39,3.15,10.991,25.23
9329058,9.76650036598,4802,-0.06,4.52,10.336,41.26
9329200,10.3735674491,4554,0.36,6.79,11.204,74.65
8937073,10.007301837,4534,0.06,3.23,11.431,24.69
9328135,10.0092184254,4564,0.09,5.73,10.926,55.29
9139859,10.9297048854,4615,0.37,6.81,11.636,72.71
9004448,10.4731163265,4651,0.13,3.45,11.406,27.01
9202995,10.2031143968,4735,-0.17,3.82,10.928,29.28
9003765,10.3661736875,4599,0.04,6.02,11.485,59.22
9002344,10.068325237,4677,-0.09,4.37,11.626,43.41
8934264,10.6557057875,4342,-0.39,1.43,11.553,8.69
8671819,10.598879586,4934,-0.44,4.04,11.536,30.24
9453362,11.1932937047,4922,-0.29,4.18,11.395,35.26
9818513,11.020365964,4626,0.48,3.83,11.709,32.24
9758246,9.51284155839,4524,-0.18,2.8,10.629,22.51
9451434,9.76918224251,4654,-0.05,3.52,11.35,27.72
9451999,10.4606660671,4936,-0.4,4.23,11.103,34.11
9574650,10.8906660671,4860,-0.37,9.52,11.754,105.72
9635603,10.9278648527,4883,-0.2,4.13,11.686,32.21
9390293,11.2416300855,4613,0.21,3.72,11.781,31.9
9635388,10.7248459156,4710,0.27,4.43,11.377,39.84
9450786,10.6969598589,4813,-0.34,3.62,11.435,28.28
9511938,10.1328415584,4580,0.17,4.88,11.329,48.32
10023439,10.4351587105,4556,0.12,6.47,11.222,64.84
10087394,10.0977809154,4685,0.1,5.93,10.858,57.71
10153739,10.6022942084,4907,0.23,7.92,11.575,98.79
10286616,10.163472525,4674,-0.37,4.0,11.672,33.63
10220795,9.88066606706,4945,-0.15,4.85,10.502,47.37
10220213,11.1794057862,5000,-0.12,16.25,11.665,227.67
10025321,10.7263824206,4843,0.07,10.43,11.654,132.59
9903915,10.233472525,4784,0.3,5.95,11.305,67.36
10025387,10.9740740818,4845,0.16,11.4,11.652,139.32
9904563,11.164808568,4731,0.05,4.25,11.82,38.63
10155731,10.1759802941,4646,0.09,4.24,11.03,35.85
10090400,11.5532937047,4570,0.41,3.82,11.365,33.21
10290457,10.646736591,4582,0.11,4.0,11.544,31.17
10157507,9.58311439678,4743,-0.02,6.6,10.586,67.02
10224100,10.4127968429,4994,0.12,7.57,11.165,90.15
10224535,10.5639582245,4688,0.05,4.24,11.355,37.37
10159217,10.8369167846,4543,0.21,5.36,11.674,54.36
9968040,10.6835392901,4741,-0.73,4.99,11.643,43.07
9967351,10.1203153099,4629,-0.15,5.63,10.839,59.62
9967174,9.50214539475,4820,-0.03,5.2,10.347,55.23
9967700,9.79777624399,4966,-0.45,9.63,10.395,106.75
9966823,10.8369167846,4548,0.13,4.01,11.703,32.71
9968249,10.0105872795,4805,0.21,7.78,10.964,90.31
10161943,11.171455026,4555,-0.34,6.21,11.617,59.65
9970467,9.83889902625,4441,0.15,4.68,10.723,45.34
10095409,10.8369167846,4380,-0.03,4.14,11.689,38.6
9851743,9.68484764113,4651,0.06,4.65,10.457,43.72
10162765,10.0834209288,4774,0.18,7.76,11.118,83.24
10229796,9.95515871049,4705,-0.04,4.82,10.601,48.44
10163776,10.4434281842,4840,0.04,6.34,11.463,74.3
10297313,10.608879586,4780,0.35,7.77,11.625,100.24
10362043,9.74358484157,4714,-0.36,4.5,10.45,39.07
9662343,10.606500366,4824,-0.17,4.87,11.55,43.7
9540226,12.0812486749,4508,-0.2,3.15,11.672,26.88
9843358,10.5207881934,4677,-0.14,4.04,11.225,31.67
9662395,10.4731163265,4648,0.16,4.42,11.448,48.77
9724324,10.1479311317,4720,-0.23,4.58,11.19,40.65
9724882,11.4624702954,4849,-0.24,4.4,11.364,36.88
9542218,10.8369167846,4483,0.31,5.75,11.695,56.62
9846877,10.9512889347,4711,0.08,4.39,11.745,36.8
9906278,10.623472525,4730,0.14,4.62,11.456,44.55
9785675,10.646736591,4504,0.4,3.56,11.533,24.52
9786625,10.8369167846,4553,0.14,4.63,11.7,45.84
9605294,10.1772075162,4574,-0.02,3.97,11.301,30.44
9604524,10.0084381746,4696,0.26,4.64,10.746,46.7
9726814,10.3773080161,4488,0.27,4.67,11.396,46.12
9847893,10.5879989158,5027,-0.52,3.68,11.085,23.7
9727392,10.2605872795,4892,-0.15,4.42,10.934,39.26
9728284,10.4789985939,4671,-0.03,4.88,11.401,48.33
9727675,10.9740740818,4825,0.33,6.0,11.68,68.43
9728845,10.0645946409,4421,0.41,3.09,11.165,28.15
9788834,10.646736591,4526,0.11,3.78,11.499,31.59
9909804,10.0435674491,4753,-0.31,4.42,10.75,37.26
9790050,10.1931041934,4827,0.15,5.28,10.651,55.72
10817660,10.6048358771,4865,-0.22,4.78,10.881,48.96
10880958,10.0779923537,4514,-0.07,4.1,10.563,33.23
10881810,10.4384381746,4796,-0.06,11.77,11.369,146.81
10753962,11.0936165871,4846,0.05,7.9,11.811,107.49
10684837,9.73096709108,5032,-0.28,7.06,10.642,88.09
10553844,10.7568510287,4753,-0.26,5.76,11.098,59.32
10492041,10.4335490531,4607,0.1,4.5,11.431,44.57
10555186,10.3634610306,4817,0.01,12.39,11.092,160.67
10683647,9.26720751615,4656,0.41,4.08,10.182,36.96
10816214,10.443349588,4755,-0.01,4.79,11.445,46.18
10816748,11.139707411,4594,-0.31,3.79,11.718,32.16
10488243,10.9469097327,4706,-0.11,4.13,11.773,36.53
10357764,10.4077508452,4668,0.19,4.48,10.787,41.73
10358632,10.696500366,4584,-0.19,4.11,11.286,33.3
10291535,10.9263684965,4917,-0.14,8.48,11.637,122.34
10552202,10.8505872795,4784,-0.63,4.37,11.652,38.94
10489073,10.9512889347,4676,0.34,4.07,11.751,34.57
10552972,10.0806660671,5055,-0.41,13.81,10.72,183.17
10552614,10.3961834306,4764,-0.04,4.62,11.353,43.94
10618005,10.916787818,4674,-0.13,3.81,11.721,31.13
10747862,9.99342092876,4538,-0.44,3.71,11.365,30.79
10749112,10.8466021153,4777,-0.41,5.22,11.698,46.02
10420822,9.77629157162,4900,0.15,6.63,10.886,76.15
10355672,9.58773338048,4637,0.46,4.06,10.495,36.29
10356057,10.5203382838,4677,-0.22,6.5,11.218,64.74
10614707,10.2379923537,4819,-0.22,4.17,10.932,35.04
10614602,11.2132937047,4563,-0.4,2.37,11.099,18.27
10485765,10.9425555468,4743,-0.09,6.05,11.477,63.84
10483504,10.9327284573,4952,-0.17,8.58,11.647,103.29
10678016,11.2579989158,4632,-0.59,3.72,11.791,30.93
10613466,10.1436520672,4538,0.32,4.21,11.263,36.82
10546977,10.628879586,4596,-0.02,4.34,11.33,42.79
10613112,10.9038690414,4879,-0.08,4.59,11.749,45.92
10417308,10.5559802941,4818,-0.67,3.77,11.331,30.18
10353044,10.0648476411,4753,-0.21,4.11,10.933,33.43
10352615,9.86638242064,4869,-0.03,5.67,10.824,62.28
10287323,10.757086675,4615,-0.11,5.02,11.55,46.7
10610250,9.82918224251,4687,0.19,12.57,11.46,152.43
10545152,9.74638242064,4601,-0.17,4.54,10.443,35.0
10742794,11.610055057,4783,-0.24,3.87,11.81,29.21
10480806,9.61222939441,4657,-0.06,6.46,10.793,67.76
10285722,9.69311439678,4765,0.14,4.98,10.404,50.37
10482001,9.66695985887,4853,0.2,5.04,10.504,55.2
10416550,10.0954262243,4756,-0.24,5.01,11.45,47.81
10086465,10.945346918,4648,0.14,4.35,11.391,40.65
10991271,10.5506660671,4986,0.05,6.39,11.452,76.81
11045572,10.4348476411,4668,0.18,6.01,11.248,63.3
11152823,9.61229420837,4882,-0.11,4.44,10.357,45.19
11152753,10.5700201472,4753,0.18,4.62,11.48,44.04
10992126,9.3105815751,4364,-0.55,1.41,10.858,7.88
10936814,9.71542622429,4697,-0.04,4.28,10.792,37.44
10991673,10.6405872795,4528,-0.02,4.38,11.344,40.86
11204531,10.2979989158,4795,-0.25,4.21,10.743,40.92
11044315,10.0648476411,4915,-0.02,5.21,10.916,61.3
11152312,11.3617562767,4755,-0.11,4.05,11.475,33.91
10935853,11.2830180093,4916,-0.05,5.92,11.556,64.72
10934758,10.0806660671,4837,0.1,4.58,10.601,47.9
10877915,10.4642856633,4548,-0.23,2.34,11.297,18.43
11043832,10.1335674491,4748,0.12,5.62,10.871,59.85
10747240,10.740237048,4918,0.01,4.04,11.576,35.07
10873444,9.59145502602,4756,0.18,5.44,10.261,56.44
10743092,10.5805872795,4568,-0.48,2.53,11.614,18.48
10743515,10.9512889347,4687,0.22,4.53,11.738,45.06
10809457,10.4359802941,4728,0.05,4.37,11.552,36.64
8955683,10.6251587105,4869,-0.06,4.71,11.214,47.16
9025029,9.74629157162,4657,-0.09,4.38,10.751,39.68
9157260,11.7533164003,4883,-0.18,17.45,11.734,235.4
9220076,10.3961834306,4772,-0.03,4.14,11.373,33.6
9283816,9.81778091545,4763,-0.01,4.63,10.735,43.02
9283918,10.0739582245,4824,0.18,4.89,10.852,52.03
9025882,10.0372075162,4509,0.33,4.16,11.191,34.59
9346602,9.88358484157,4775,-0.04,5.0,10.512,55.58
9469165,9.71629157162,4753,-0.78,4.02,10.949,28.64
9408361,10.1384381746,4856,0.21,5.31,11.444,63.8
9222389,11.0170268906,4592,-0.16,3.57,11.641,31.11
9409513,9.44353929013,5038,0.05,6.03,10.286,71.17
9027871,9.99935176413,4540,0.22,4.25,11.367,42.91
9350701,9.90582381715,4882,0.09,5.6,11.415,58.37
9350031,10.7592506973,4602,-0.42,5.74,11.578,52.57
9411366,10.9278648527,4830,-0.17,5.01,11.655,49.59
9163153,9.96790719082,4564,0.46,12.44,11.543,153.93
9100444,10.1521339343,4653,0.39,5.11,11.048,51.76
9163785,10.755346918,4511,-0.16,4.74,11.373,46.47
9351617,10.5943125756,4781,0.0,4.35,11.539,39.54
9351186,10.0848749671,4537,0.16,3.87,11.11,33.73
9414068,10.8345291204,4344,-0.65,1.63,11.777,10.11
9034557,10.7749415789,4643,0.29,4.31,11.481,41.99
9229601,10.8341828867,4805,-0.07,4.7,11.634,46.0
9292408,10.7876866681,4580,0.36,3.46,11.727,29.36
9291249,10.3773080161,4519,0.22,4.55,11.442,44.72
9291830,10.2892407988,4789,0.05,4.4,11.018,45.98
9291976,10.6368949267,4555,0.05,3.93,11.614,31.41
9353187,10.2335674491,4851,0.17,6.57,11.024,78.91
9475697,10.406500366,4651,0.13,9.82,11.128,112.52
9353531,10.4339582245,4674,-0.21,3.9,11.457,29.91
8564559,10.861455026,4743,-0.06,4.68,11.515,44.31
8693004,10.1331041934,4596,0.0,3.61,10.861,34.19
8693018,10.3086800759,4912,0.18,7.04,11.426,87.78
8822689,10.0977809154,4892,0.04,5.04,10.939,54.79
8957543,10.7790858579,4473,0.35,4.01,11.746,37.65
8822878,10.921455026,4493,0.29,4.1,11.751,36.51
8824452,9.64002014721,4541,-0.36,5.49,10.897,51.25
8824264,9.40537682896,4706,-0.14,4.14,11.097,33.7
8890410,9.34956330947,4803,0.19,5.41,11.043,60.82
8565016,10.347086675,4498,0.25,6.03,11.275,60.96
9028511,10.8167710745,4645,-0.26,3.93,11.625,29.98
9028321,10.4949300285,4500,0.19,4.72,11.412,46.33
8759811,9.51626419431,4787,0.02,5.23,11.007,53.3
8759746,10.4113373216,4643,0.07,4.79,11.201,45.98
8759207,10.2009670911,4980,-0.13,7.25,10.973,81.23
8825444,10.2605872795,4931,0.14,6.53,10.999,84.32
9029195,9.8735674491,4632,0.19,4.71,10.931,42.41
8826079,10.3205872795,4750,-0.4,4.17,11.4,33.01
9029603,10.9979923537,4862,0.39,10.73,11.679,143.89
8962844,10.9512889347,4688,0.07,4.46,11.738,41.43
8962923,10.3953992779,4954,-0.1,6.82,11.118,81.21
8827934,9.99638242064,4718,0.23,5.38,10.799,56.76
8761471,10.5278789322,4719,0.06,4.36,11.42,38.61
8826496,10.9986670541,4743,-0.09,4.63,11.774,43.88
9032691,9.79846566673,4604,-0.09,4.1,11.208,35.31
9658002,10.4328415584,4531,-0.02,4.1,11.371,35.34
9780183,10.507086675,4585,0.04,3.78,10.984,30.49
9839918,9.50777788721,4637,0.36,5.13,10.553,47.44
9839246,9.98935176413,4704,0.2,4.58,11.121,44.27
9597214,10.133472525,4845,-0.08,4.57,11.131,43.27
9536330,9.42058727953,4484,0.04,2.71,10.251,23.06
9658793,9.88066606706,4611,-0.25,4.45,10.531,40.5
9658072,10.6368949267,4392,0.5,3.53,11.612,28.0
9535050,9.12214539475,5090,-0.02,4.52,10.213,45.3
9534934,9.5107881934,4759,-0.64,5.21,10.206,45.6
9412408,10.2427554161,4791,-0.19,4.21,10.98,34.58
9596639,10.7749415789,4621,0.06,3.71,11.521,30.49
9718024,10.168778777,4867,-0.55,4.07,10.72,33.76
9596106,10.4642856633,4475,-0.27,2.65,11.33,21.48
9472076,10.925599831,4753,0.16,10.21,11.211,123.77
9716866,10.8382947306,4491,-0.02,3.73,11.767,32.05
9656523,11.2416300855,4591,0.27,4.02,11.801,33.75
9470276,10.8210525733,4737,0.0,7.0,11.485,75.26
9471284,10.9734610306,4682,0.12,4.28,11.332,40.49
9655101,10.1979923537,5031,-0.07,7.91,10.983,109.57
9775927,9.45775084522,5064,-0.18,8.41,10.25,108.56
9716522,9.70229420837,4799,0.02,4.85,10.409,54.1
9835626,9.86695985887,4750,0.2,5.4,10.725,53.91
9835436,10.8821023085,4587,-0.57,3.0,11.662,24.58
9652704,10.5411361155,4872,0.15,14.47,11.524,187.77
9714063,9.56803561559,4679,0.06,4.51,10.65,42.31
9713617,10.2436520672,4730,0.47,12.37,11.462,153.96
9529974,10.8392407988,4694,-0.03,4.03,11.473,33.35
9712888,9.80353929013,4733,0.21,4.01,10.394,33.09
9406638,10.5586484529,4750,-0.5,4.31,11.357,39.39
9591097,10.8905335651,4714,0.05,4.16,11.522,34.65
9711349,10.7810339816,4358,-0.2,2.14,11.732,15.33
9711231,10.1089264782,4683,-0.15,5.11,11.155,46.93
9711492,10.2031143968,4929,0.08,5.09,11.124,50.76
9650046,10.996500366,4825,0.11,6.0,11.609,67.83
9650527,10.9602300418,4971,-0.17,5.24,11.756,54.7
9589638,10.8148459156,4714,-0.38,4.37,11.738,39.35
9282363,10.4088990263,4705,-0.07,3.79,11.039,29.66
9405269,8.986542935,4752,0.29,4.22,10.391,37.84
9405555,9.57935176413,4464,-0.3,2.46,10.995,17.86
9405480,11.1909670911,4416,0.18,2.74,11.485,22.51
10282002,10.0179071908,4491,0.33,3.65,11.404,30.3
10083480,11.017086675,4753,-0.45,4.0,11.372,32.22
10018973,9.69542622429,4530,0.36,4.0,11.105,32.85
9958567,10.0027554161,4807,-0.36,3.28,10.545,25.29
10018239,10.0645946409,4551,0.24,3.95,11.177,31.21
10213931,10.2177778872,4470,-0.02,4.54,11.308,42.04
10280586,10.8180356156,4503,0.18,3.81,11.411,31.46
10148026,10.546500366,4902,0.0,6.33,11.242,70.84
10212620,10.1608122427,4610,0.29,4.87,11.122,48.78
10147072,10.516500366,4682,0.1,6.13,11.463,69.08
9896174,11.1738508846,4988,-0.18,18.14,11.755,246.26
9835790,9.49999255472,4751,0.07,5.74,10.949,61.73
10145279,10.918606615,4608,-0.33,3.59,11.722,30.44
9893889,9.48695985887,4646,-0.03,3.8,10.341,30.75
9833073,10.5862387202,4626,-0.14,3.62,11.443,31.87
6762022,9.90537682896,4757,0.1,4.41,11.532,40.48
7018252,10.1479923537,4741,-0.24,3.55,10.825,27.35
7429055,10.758879586,4588,0.09,6.09,11.252,60.58
7347189,10.2035392901,4717,-0.12,4.04,10.841,41.57
7103297,11.0054066607,4716,0.12,4.36,11.76,38.6
7103666,10.457086675,4713,0.09,4.16,11.424,34.62
6935260,9.86515637854,4677,-0.08,4.59,10.844,42.66
7020371,10.8100201472,4413,-0.06,2.1,11.655,15.79
6850417,10.0293280259,4799,-0.05,4.09,10.966,36.43
6850177,9.98066606706,4640,0.07,4.58,11.16,45.23
6851499,9.99096709108,4584,-0.24,5.6,10.7,51.9
6936796,10.2677995164,4440,0.33,3.28,11.2,22.52
7108501,10.3277508452,4744,-0.19,4.8,11.017,51.28
6854095,10.9671483911,4853,-0.32,3.88,11.764,31.13
6768319,10.7650999146,4648,0.05,5.58,11.57,53.61
6853779,10.8345291204,4354,0.04,1.61,11.789,11.43
6854391,10.7703066614,5115,0.03,5.69,11.096,61.91
6768355,10.4869598589,4760,0.01,4.18,11.393,37.25
7109120,9.94582381715,4575,0.5,5.96,11.166,60.53
6940048,9.74066606706,4810,-0.28,4.05,10.31,32.94
7025721,10.2205872795,4829,-0.05,4.34,10.9,37.88
7273672,10.4406727502,4449,-0.01,2.71,11.398,21.36
7191673,9.346542935,4512,0.32,3.61,10.701,32.21
7273426,10.7469598589,4699,0.04,3.79,11.388,30.8
6429457,9.92999255472,4526,0.02,3.07,11.284,23.65
6428974,10.3521832487,4780,0.16,4.58,11.234,41.24
6590363,10.3088990263,4495,0.09,3.6,11.011,31.12
6508328,11.2439582245,4712,0.29,4.27,11.686,37.99
6508943,10.7650999146,4640,0.27,4.04,11.586,34.57
6191288,10.4109670911,4619,-0.32,3.14,11.084,25.69
6192431,9.80946753181,4467,0.19,4.09,10.792,35.29
6430534,9.49914795081,4615,0.13,3.58,11.305,28.4
6192043,11.324469574,5028,0.06,8.48,11.396,108.55
6764229,10.6099002995,4531,-0.05,6.07,11.715,60.33
6849167,9.88617368746,4749,-0.16,4.24,10.982,35.57
6677653,9.86214539475,4969,0.28,5.97,10.835,71.56
6678428,10.6309670911,4722,0.02,4.25,11.388,34.56
6765032,11.067776244,4403,-0.65,1.37,11.554,7.32
6678432,9.96909151574,4551,0.21,5.67,10.724,55.97
6593240,10.0937711306,4767,-0.09,4.27,10.913,32.16
6431941,10.7377715606,4485,-0.53,2.81,11.661,20.8
6593623,10.6368949267,4574,0.01,4.15,11.608,37.99
6680734,10.5379071908,4489,-0.41,2.39,11.68,17.42
6680386,10.5662915716,4863,-0.37,3.92,11.239,31.0
6594505,10.8846024318,4829,-0.35,4.04,11.656,35.51
6681414,10.818879586,4546,-0.19,4.6,11.376,40.13
7674224,10.9641275036,4850,0.23,10.67,11.765,129.9
7672969,9.89638242064,4699,0.16,3.81,10.761,30.45
7744204,10.467086675,4839,0.12,5.16,11.169,52.41
7518352,9.97229420837,4894,-0.66,7.43,10.812,75.93
7352718,10.9512889347,4696,0.07,3.85,11.748,35.42
7189610,9.53843817463,4826,-0.01,4.14,10.466,35.35
7190047,10.4889264782,4697,-0.03,3.94,11.473,30.48
7516687,10.4679138236,4593,-0.08,4.06,11.398,35.1
7351098,10.4153992779,4869,0.34,8.82,11.202,120.91
7270142,9.87832523701,4500,0.14,5.42,11.692,52.62
7671562,10.7635674491,4660,0.04,3.77,11.65,30.12
7596350,10.3489264782,4965,-0.61,4.54,11.102,41.81
7743176,10.0432188392,4759,-0.23,3.71,11.418,30.12
7672405,11.1835848416,4565,-0.49,1.88,11.775,14.04
7595285,9.22537682896,4842,-0.1,3.78,10.604,29.39
7515516,9.79650036598,5083,0.08,7.68,10.435,92.58
7431665,10.062651902,4729,-0.1,5.45,10.974,50.98
7349386,10.8628478373,4756,0.21,3.82,11.748,27.57
7593843,10.8341828867,4863,-0.09,4.14,11.643,34.16
7430868,9.69515871049,4720,-0.23,5.64,10.29,52.81
7430415,10.9108345976,4492,-0.18,2.6,11.805,19.55
7668782,10.7760611735,4334,-0.37,2.01,11.63,13.98
7592356,10.6081864208,4767,-0.23,3.95,11.51,31.13
7346442,11.008778777,4706,-0.25,5.23,11.546,48.28
7346365,11.4434620737,4705,0.07,5.28,11.696,51.94
7591642,10.9469097327,4657,-0.22,3.71,11.772,28.18
7510604,11.0108958242,4752,-0.1,4.09,11.407,33.87
7345200,9.32778091545,4702,0.09,3.85,10.223,30.51
7017044,9.93353929013,4784,0.01,3.96,10.615,31.72
7100768,11.1617562767,4634,-0.25,3.51,11.755,25.84
7950550,10.3009670911,4723,-0.2,5.99,10.998,61.0
8088244,10.8369598589,4861,-0.63,4.17,11.635,30.63
7949599,10.2113587954,4613,0.22,4.05,11.03,34.0
7811522,10.7439582245,4443,-0.45,3.34,11.477,26.65
7949258,12.2737178484,4517,0.34,4.02,11.791,34.27
8154541,9.67626419431,4722,0.16,4.22,11.149,39.87
8354896,10.0461736875,4869,-0.3,8.28,11.147,95.28
7670419,10.3548476411,4483,0.25,3.78,11.306,30.72
7670489,11.4134620737,4625,-0.33,4.03,11.793,35.85
8154383,10.3590935039,4613,0.23,6.35,10.876,65.8
8086192,10.8251563785,4757,0.06,7.04,11.534,74.87
7741179,10.7531237334,4946,-0.72,3.94,11.472,27.04
7948086,10.956500366,4920,0.04,4.45,11.293,42.37
8017159,10.3153992779,4649,-2.09,0.64,10.688,3.08
7948193,10.0735392901,5020,0.0,9.11,11.093,115.5
8016118,10.5027554161,5120,-0.03,7.46,11.222,83.7
7808227,10.0633373936,4798,-0.23,4.08,11.524,32.25
7807614,11.3035848416,4556,0.23,3.85,11.555,31.7
5339823,9.68918224251,4887,-0.24,4.27,11.353,41.05
5426041,10.4889264782,4393,0.17,5.01,11.511,50.8
5597965,10.5730180093,4677,-0.14,5.52,10.962,54.92
5685000,10.6027554161,4774,-0.38,3.95,11.292,29.38
5512777,10.5951587105,4559,-0.25,4.06,11.23,30.93
5770923,9.75708667503,4843,0.04,6.92,10.73,80.83
5598789,9.60395822448,4939,0.07,5.43,10.502,57.0
5599763,10.7876866681,4450,0.34,3.77,11.72,32.04
5514079,10.6368949267,4453,0.11,7.79,11.613,87.72
5857618,11.0140419362,4554,0.31,6.31,11.815,70.56
5515314,9.96778091545,4628,0.45,10.74,10.876,133.42
5772710,10.5763824206,4448,0.41,3.78,11.301,33.61
5514974,10.6862590775,4563,0.02,4.05,11.355,32.85
5602545,11.070055057,4685,-0.23,4.17,11.418,36.61
5859492,9.05626419431,4559,0.33,4.03,10.267,35.68
5860093,10.348879586,4679,-0.54,5.52,11.197,50.28
5517442,10.4107881934,4800,-0.12,4.03,11.743,36.31
5689606,10.6817703564,4610,0.03,4.5,11.563,44.86
5689343,10.8768510287,5023,0.15,8.09,11.286,96.84
5774568,10.7749415789,4678,0.31,9.49,11.545,110.89
4814198,9.72542622429,4640,0.18,4.82,10.927,49.7
4902641,10.0705872795,4867,0.07,7.91,10.761,98.09
4902701,10.6368949267,4467,-0.07,4.15,11.614,35.51
4633907,10.2363824206,4596,-0.02,3.81,10.838,30.37
4991033,10.8382947306,4464,-0.05,5.2,11.759,48.37
4991732,10.7749415789,4646,0.18,8.53,11.547,103.7
5167473,10.068325237,4729,-0.38,4.03,11.558,31.55
5257167,10.0400201472,4768,-0.85,4.05,11.106,28.91
5168713,10.8830051411,4563,-0.41,4.73,11.758,41.94
5168382,10.3000978053,4907,-0.37,17.05,11.433,214.94
6188215,9.8648459156,4993,0.03,8.52,10.517,113.73
5858947,11.2649233756,5051,-1.04,14.41,11.737,174.41
6425301,10.6038615459,4488,-0.08,6.14,11.523,60.73
5858034,10.8927920066,4648,-0.21,4.39,11.738,38.33
6346443,10.0306660671,4688,-0.08,4.22,10.699,36.03
6185790,11.1731041934,4458,-0.15,4.65,11.8,42.05
6104786,10.914469574,4762,-0.44,13.72,11.55,167.69
6424157,10.8210525733,4728,0.0,8.81,11.54,98.49
6345474,10.4231143968,4450,0.06,4.13,11.079,33.13
6423690,10.4831041934,4855,-0.65,4.03,11.045,33.64
6264398,11.4531041934,4830,-0.14,3.98,11.726,31.3
6343222,10.8369167846,4564,0.27,7.36,11.698,78.32
6263410,10.1531143968,4911,0.05,8.29,11.152,108.44
6262867,9.54537682896,4410,-0.4,3.74,11.395,30.7
6262706,9.57707339674,4741,-0.17,5.66,11.256,59.45
6181896,10.5441811367,4893,-0.52,6.48,11.5,70.57
6101471,11.164808568,4761,-0.21,9.15,11.818,102.86
6929729,10.6362778468,4610,0.12,6.06,11.607,64.86
6843557,9.81179723934,4543,0.2,4.81,11.052,48.39
6843705,10.3163824206,4539,-0.35,3.46,11.025,30.14
6928997,10.6727554161,4776,0.23,10.0,11.584,121.76
6929280,9.95626419431,4599,0.13,4.02,11.439,33.67
6502831,10.7135848416,4924,-0.92,4.09,11.502,27.36
6756908,11.1149724924,4626,0.04,3.44,11.744,27.61
6756579,9.77395822448,4853,-0.26,3.88,10.414,38.53
6501676,10.7506028143,4573,-0.19,4.77,11.473,43.44
6755907,10.7810339816,4570,-0.15,4.79,11.712,43.41
6755830,9.85720751615,4634,0.2,4.48,10.829,42.7
6755373,9.6707881934,4651,-0.05,5.14,10.351,50.26
3323943,10.81256548,4592,-0.21,4.02,11.609,33.04
3217051,10.453320742,4551,0.33,4.2,11.378,37.14
3216467,10.2677995164,4474,0.48,3.77,11.208,31.61
3526625,10.4999002995,4635,0.1,4.19,11.409,35.27
3424105,11.3077508452,4429,0.26,5.13,11.529,51.65
3425675,10.964469574,4665,-0.16,4.04,11.299,32.04
3527032,9.75937623818,4654,-0.21,4.5,10.671,43.01
3425476,12.4395001292,4717,0.04,4.4,11.676,40.24
3527891,9.31892647824,4566,0.05,3.49,10.194,30.97
3529597,11.0790935039,4762,0.11,4.89,11.705,53.75
3529276,9.81222939441,4723,-0.24,5.58,11.057,57.52
3528656,10.4103351302,4433,-0.47,2.66,11.396,20.83
3631402,10.9512889347,4682,0.17,4.85,11.745,46.33
3326790,10.5579989158,4603,-0.18,3.58,11.027,26.29
3530823,10.547086675,4770,-0.06,4.61,11.741,45.55
3531478,11.4776037104,4996,-0.09,17.11,11.637,242.16
3222670,9.38638242064,4881,-0.31,4.05,10.231,34.73
3222220,10.0354262243,4572,0.09,3.7,11.183,30.5
3633057,11.5113074139,4580,-0.31,5.22,11.49,49.91
3633152,10.1993280259,4536,-0.36,3.94,10.966,32.75
3532734,10.9425555468,4744,-0.16,11.92,11.557,151.11
3432732,9.93515637854,4953,0.26,6.34,10.738,79.1
3736477,11.1491385087,4658,-0.59,3.91,11.816,28.93
2140446,10.8345291204,4473,0.32,5.63,11.814,57.83
2283075,10.2061736875,4657,0.19,6.45,10.914,67.57
2554924,10.9593762382,4594,0.27,3.94,11.727,33.97
2423824,10.3251587105,4907,-0.39,2.78,11.051,22.81
2142095,11.7200554554,4732,-0.43,3.71,11.528,28.83
2141928,10.2119579427,4583,0.16,4.02,10.723,34.49
2834230,9.83534691798,5072,-0.13,7.0,10.432,88.72
2424934,9.55145502602,4729,-0.18,3.9,10.377,33.8
2285898,10.0405872795,4677,-0.26,3.84,10.842,25.93
2424822,10.4769598589,4787,0.04,8.08,11.684,93.09
3101090,10.4735848416,4590,-0.05,3.89,11.346,32.88
2696732,11.6031143968,4735,-0.18,8.28,11.495,91.29
2697082,10.1047567661,4725,0.1,3.29,11.095,31.76
2836038,10.6487209177,4546,0.33,4.12,11.334,37.1
2973894,11.3724702954,4964,-0.95,4.0,11.481,28.72
3102479,11.0140419362,4506,0.27,4.25,11.801,39.49
3942203,10.1777379788,4557,-0.1,4.21,11.053,34.92
4042951,10.8506692808,4830,-0.66,4.11,11.517,32.1
4143460,11.399707411,4642,-0.36,4.23,11.685,39.65
3733028,10.9248439652,4810,0.03,13.11,11.731,179.8
4350501,10.6661736875,4759,-0.23,11.03,11.737,143.83
4141815,9.67222939441,4640,-0.02,4.6,10.759,43.56
3835996,10.9680139061,4714,-0.29,5.02,11.598,46.25
4041405,10.0740002703,4367,-0.62,2.58,11.049,18.81
4140726,10.7876866681,4550,0.06,4.91,11.73,49.96
3938291,9.43617368746,4993,-0.13,9.31,10.536,115.1
4039306,10.2484656667,4688,-0.15,4.19,11.554,33.74
4244973,9.60096709108,4831,0.31,4.7,10.305,51.29
4139914,9.39708667503,4612,-0.13,4.24,10.167,37.55
4139784,10.3773080161,4532,0.17,4.85,11.255,48.1
4040211,10.7684381746,4597,-0.31,4.21,11.517,38.57
3937217,10.7363824206,4620,-0.24,3.71,11.631,29.15
4243796,9.80708667503,4490,0.2,4.26,10.796,38.27
4243803,9.08184013856,4492,0.05,1.83,10.384,16.4
4346893,9.38347252503,4473,0.39,3.93,10.151,32.93
4346319,10.4089264782,4613,0.2,4.66,11.415,45.06
4445711,10.1979989158,4648,-0.34,4.24,10.716,36.07
4241369,9.58214539475,4769,-0.02,5.72,10.431,61.18
4345370,10.7337923381,4617,-1.17,4.03,11.503,31.81
3934458,10.067776244,4593,-0.11,4.25,10.437,36.91
4136374,10.644469574,4699,0.01,5.14,10.836,52.36
4036300,10.4600201472,4682,-0.08,4.37,11.281,38.6
4036007,10.4478232878,4633,-0.48,4.37,11.428,37.76
5084662,11.0794057862,4759,-0.36,4.49,11.642,41.17
4548564,10.8345291204,4437,-0.36,5.98,11.814,56.47
4640537,10.9108345976,4490,0.18,4.04,11.818,34.21
5083936,9.9579923537,4845,-0.47,4.23,10.584,34.8
4995788,10.9752847461,4654,0.27,13.4,11.721,166.08
4546625,10.2991479508,4453,0.07,4.09,11.61,34.07
4448636,10.8345291204,4420,0.35,3.97,11.783,33.78
4545474,9.33842474069,4429,0.22,3.93,10.765,37.47
4638317,10.7248476411,4427,-0.34,3.4,11.297,27.9
4906950,10.066500366,4511,0.14,5.23,10.651,53.73
4543229,10.8345291204,4324,-0.28,3.18,11.794,25.67
1864855,10.4716551237,4835,-0.05,10.42,11.548,127.42
2444348,9.61778091545,4550,0.18,3.25,10.316,30.05
2303367,9.30598029415,4716,0.18,4.11,10.182,33.59
2305930,9.87892647824,4666,-0.69,3.9,10.801,29.3
2018392,11.1105932904,4604,-0.12,3.76,11.768,33.53
2307683,10.8227579661,4598,-0.23,4.31,11.55,40.09
1726211,10.1835392901,4765,-0.72,3.7,10.93,31.08
2448225,9.29707339674,4615,0.25,3.95,10.806,36.02
2449703,10.6000201472,4643,0.04,3.96,11.438,32.07
2309469,10.6368949267,4464,0.22,3.48,11.611,27.94
2996112,10.7650999146,4634,-0.04,3.92,11.598,33.22
1720425,10.0609353873,4545,-0.2,3.79,10.78,28.67
1162746,10.3000978053,4711,-0.56,3.82,11.446,27.98
1432587,11.3461736875,4214,-0.23,1.08,11.547,5.73
1433730,10.1839582245,4555,-0.06,4.05,10.892,40.12
1576469,9.44353929013,5004,0.12,7.32,10.357,88.63
1433593,10.9668510287,4693,0.11,6.24,11.522,67.46
1435573,10.156542935,4577,0.1,3.69,11.415,26.83
3120486,10.9008481539,4832,0.23,10.51,11.753,137.11
3120585,10.6192407988,4784,0.02,8.39,11.582,101.7
2714397,9.72872091767,4777,-0.62,4.14,10.51,32.92
3444374,9.93744595951,4561,0.11,5.7,11.768,56.02
2988988,9.79777788721,4707,0.17,4.26,10.849,38.32
3114408,11.4902300418,4494,0.09,3.42,11.576,29.88
3231503,9.97843817463,4671,0.2,4.28,10.706,42.56
3748691,11.395346918,4632,0.07,4.25,11.589,38.83
3955590,9.59720751615,4459,0.19,2.75,10.336,20.12
4057744,10.331455026,4403,-0.03,2.9,10.702,26.02
4262505,9.6979923537,4831,-0.24,7.94,10.36,87.86
3747777,10.5493280259,4497,0.08,4.41,11.257,43.57
3545147,9.87229420837,4699,0.08,5.25,10.465,54.84
3747860,10.87564051,4561,-0.33,4.02,11.752,36.42
4056266,12.4172190688,4922,-0.08,7.27,11.777,87.4
3849027,10.8043509093,4774,-0.42,3.71,11.749,26.6
3443483,10.5154262243,4841,0.02,10.68,11.61,132.77
3645232,10.7662387202,4215,-0.79,1.41,11.447,8.47
3339894,10.4589264782,4555,-0.4,3.37,11.339,29.59
3847071,11.2839582245,4620,-0.17,6.09,11.686,61.37
3642038,10.8035392901,4570,-0.17,4.26,11.265,40.57
3847697,10.6368949267,4525,-0.09,4.86,11.61,45.39
3453419,10.4434209288,4545,0.26,4.63,11.745,45.56
3860176,11.4719579427,4842,0.14,6.63,11.614,75.32
4168909,10.5334610306,4806,0.37,11.62,10.866,141.93
3760337,9.77638242064,4624,0.16,4.24,10.356,37.96
3869326,11.5513074139,4626,0.22,4.54,11.598,47.59
3560181,10.5062387202,4506,0.27,3.92,11.042,32.38
4760954,11.5424702954,4599,0.13,4.71,11.649,45.01
4279700,10.7790858579,4435,0.05,3.5,11.745,31.33
4575645,9.60515637854,4618,0.27,4.44,10.366,41.33
4937204,9.68561810721,4628,-0.36,4.4,10.658,39.86
4378473,10.5635392901,4463,-0.36,2.84,10.952,22.63
4475934,11.4013074139,4699,0.02,4.35,11.512,39.73
4755467,10.5267574209,4700,-0.19,4.38,10.886,36.77
4662939,9.83909151574,4698,0.38,5.53,10.993,64.17
4570555,10.748879586,4930,-0.16,14.83,11.54,195.19
4843143,10.077776244,4556,0.15,3.89,10.511,33.41
4569298,11.2403066614,4475,0.3,4.11,11.464,36.78
4271039,11.0609670911,4665,-0.4,5.14,11.796,46.64
4469886,11.0936165871,4870,-0.13,5.47,11.795,56.77
4469602,10.0461736875,4595,-0.11,3.5,11.088,32.59
5288716,10.7506028143,4573,-0.2,4.19,11.546,35.76
5287610,10.4406727502,4515,-0.03,6.12,11.39,60.14
5374118,10.5935674491,4725,-0.02,5.6,11.306,60.48
5283798,11.4225788246,4727,0.17,5.29,11.707,54.5
4930906,10.846500366,4477,0.17,3.84,11.623,32.68
5104949,10.6038615459,4498,-0.08,3.02,11.515,22.32
5017711,10.7790858579,4474,0.1,4.01,11.743,35.92
3656231,12.2042228703,4610,0.05,4.23,11.65,37.69
4169130,10.687776244,4696,0.18,4.25,11.11,38.37
3758458,10.0828415584,4851,0.17,5.87,11.284,71.28
4275625,10.5931143968,4596,0.12,3.71,11.031,31.99
3660976,11.1535848416,4917,-0.18,3.92,11.658,40.48
3455760,10.588778777,4498,-0.08,4.85,10.941,47.61
3457618,10.646736591,4506,0.18,3.6,11.498,35.01
4764420,10.153320742,4540,0.15,4.37,11.564,38.91
4764422,10.3859802941,4568,-0.15,3.91,11.146,31.63
4570120,9.80842474069,5019,0.01,7.27,11.642,88.61
4269391,10.3577508452,4527,0.25,4.09,10.966,37.69
4164910,9.75695824157,4671,0.17,4.35,11.027,38.25
5288607,9.97988194358,4818,0.17,5.71,10.985,61.28
5285357,11.3348358771,4632,-0.05,4.05,11.634,32.38
5196152,11.1611549504,4634,-0.11,7.32,11.59,79.17
4933594,10.6368949267,4479,0.16,4.09,11.592,34.16
5282875,10.407776244,4880,-0.17,4.69,10.712,45.9
5283958,9.84914795081,4869,-0.06,5.11,11.576,54.6
