kic1	kic2	tyc1	tyc2
KIC	10907196	TYC	3545-1021-1
KIC	10962775	TYC	3545-523-1
KIC	11177749	TYC	3549-260-1
KIC	11231549	TYC	3549-2441-1
KIC	11178396	KIC	11178396
KIC	11072334	TYC	3545-461-1
KIC	11232225	KIC	11232225
KIC	11179815	TYC	3549-572-1
KIC	11018710	KIC	11018710
KIC	11180468	TYC	3549-380-1
KIC	11340165	KIC	11340165
KIC	11287679	TYC	3549-2869-1
KIC	11234625	TYC	3549-2813-1
KIC	11128910	TYC	3550-900-1
KIC	11129153	TYC	3550-1536-1
KIC	11289335	TYC	3550-262-1
KIC	11289128	TYC	3550-668-1
KIC	11129480	TYC	3546-118-1
KIC	11129945	TYC	3550-1540-1
KIC	11236536	TYC	3550-974-1
KIC	11289822	TYC	3550-318-1
KIC	10651578	KIC	10651578
KIC	10651320	TYC	3545-1088-1
KIC	10847321	TYC	3545-116-1
KIC	11018922	TYC	3545-111-1
KIC	11018745	TYC	3545-927-1
KIC	10848618	TYC	3545-2139-1
KIC	10908322	TYC	3545-961-1
KIC	10964584	TYC	3545-1077-1
KIC	10784013	KIC	10784013
KIC	10849541	TYC	3545-1099-1
KIC	10718491	TYC	3545-560-1
KIC	10653383	TYC	3545-1014-1
KIC	11074543	TYC	3545-2701-1
KIC	11019954	TYC	3545-2735-1
KIC	11020211	TYC	3545-2679-1
KIC	11020101	KIC	11020101
KIC	10910802	KIC	10910802
KIC	11075908	TYC	3546-886-1
KIC	10966458	TYC	3546-1350-1
KIC	10910674	TYC	3545-2681-1
KIC	11551758	TYC	3550-360-1
KIC	11499428	KIC	11499428
KIC	11551746	TYC	3550-748-1
KIC	11394905	TYC	3550-530-1
KIC	11550567	TYC	3549-2791-1
KIC	11498298	TYC	3549-2716-1
KIC	11704163	TYC	3550-1841-1
KIC	11341723	TYC	3550-618-1
KIC	11287936	TYC	3549-2835-1
KIC	11653073	TYC	3549-2844-1
KIC	11702195	TYC	3549-1028-1
KIC	11600208	KIC	11600208
KIC	11548940	TYC	3549-1913-1
KIC	11444313	TYC	3549-1225-1
KIC	11599342	TYC	3549-2512-1
KIC	11546913	TYC	3549-1735-1
KIC	11598116	KIC	11598116
KIC	11494312	TYC	3549-2444-1
KIC	11441797	TYC	3548-907-1
KIC	11442227	TYC	3548-81-1
KIC	11177727	TYC	3549-191-1
KIC	11905840	KIC	11905840
KIC	11955410	TYC	3549-2771-1
KIC	12005162	TYC	3549-2615-1
KIC	11805460	TYC	3550-1685-1
KIC	11805792	TYC	3550-583-1
KIC	11855110	TYC	3549-1640-1
KIC	11754056	KIC	11754056
KIC	11804677	TYC	3549-465-1
KIC	11703230	TYC	3549-2051-1
KIC	11954465	TYC	3549-111-1
KIC	11954278	TYC	3549-516-1
KIC	11953849	TYC	3549-850-1
KIC	12003742	TYC	3549-983-1
KIC	11753018	TYC	3549-1475-1
KIC	11752707	TYC	3549-1192-1
KIC	12003253	TYC	3549-471-1
KIC	11953581	TYC	3549-468-1
KIC	11250152	KIC	11250152
KIC	11250139	TYC	3564-2731-1
KIC	11563791	TYC	3564-1597-1
KIC	11615224	TYC	3564-1558-1
KIC	11512096	TYC	3564-2012-1
KIC	11564307	TYC	3564-2830-1
KIC	11668246	TYC	3564-2990-1
KIC	11668036	TYC	3564-3116-1
KIC	11667928	TYC	3564-3088-1
KIC	11357004	TYC	3564-3102-1
KIC	11513798	TYC	3564-2930-1
KIC	11617622	KIC	11617622
KIC	11669113	TYC	3565-1187-1
KIC	11410217	KIC	11410217
KIC	11514322	TYC	3564-3146-1
KIC	11410549	TYC	3565-1214-1
KIC	11357686	KIC	11357686
KIC	11463411	TYC	3565-116-1
KIC	11515377	TYC	3565-216-1
KIC	11721438	KIC	11721438
KIC	11669622	TYC	3565-1461-1
KIC	11567572	TYC	3565-1421-1
KIC	11568605	TYC	3565-1481-1
KIC	11517524	TYC	3565-780-1
KIC	11567563	KIC	11567563
KIC	11518492	TYC	3565-652-1
KIC	11413158	TYC	3565-1220-1
KIC	11465784	TYC	3565-20-1
KIC	11569659	TYC	3565-1299-1
KIC	11519991	TYC	3565-354-1
KIC	11623012	TYC	3565-915-1
KIC	11621486	TYC	3565-1263-1
KIC	11521352	KIC	11521352
KIC	11572172	TYC	3565-426-1
KIC	11521197	KIC	11521197
KIC	11468340	TYC	3565-984-1
KIC	11673900	TYC	3565-513-1
KIC	11674692	KIC	11674692
KIC	11775398	TYC	3565-639-1
KIC	11775511	TYC	3565-389-1
KIC	11090395	TYC	3560-2944-1
KIC	11037290	TYC	3560-2899-1
KIC	11037219	TYC	3560-3227-1
KIC	11090673	KIC	11090673
KIC	11251136	TYC	3564-2958-1
KIC	11250488	TYC	3564-2049-1
KIC	11252233	TYC	3565-1110-1
KIC	11251837	TYC	3565-1130-1
KIC	11357931	TYC	3565-1180-1
KIC	11197457	TYC	3564-3020-1
KIC	11145563	KIC	11145563
KIC	11146230	TYC	3561-55-1
KIC	10983401	TYC	3561-943-1
KIC	11146152	TYC	3565-894-1
KIC	11359175	TYC	3565-940-1
KIC	11358755	TYC	3565-172-1
KIC	11252437	TYC	3565-146-1
KIC	11305250	TYC	3565-1240-1
KIC	11146647	KIC	11146647
KIC	11199105	KIC	11199105
KIC	11199783	KIC	11199783
KIC	11252706	KIC	11252706
KIC	11360886	TYC	3565-1288-1
KIC	11413138	KIC	11413138
KIC	11200573	TYC	3565-446-1
KIC	11307599	TYC	3565-774-1
KIC	11308784	TYC	3565-368-1
KIC	11308660	TYC	3565-1096-1
KIC	11361765	TYC	3565-1186-1
KIC	11414700	KIC	11414700
KIC	12121377	KIC	12121377
KIC	12121656	KIC	12121656
KIC	11924919	TYC	3565-1428-1
KIC	11824976	KIC	11824976
KIC	11973853	TYC	3565-225-1
KIC	12121207	TYC	3569-366-1
KIC	11823838	TYC	3565-661-1
KIC	11722424	TYC	3565-1101-1
KIC	11971940	TYC	3565-527-1
KIC	11721374	TYC	3565-429-1
KIC	11971123	TYC	3565-209-1
KIC	11970987	TYC	3565-321-1
KIC	11821439	TYC	3565-383-1
KIC	11819760	TYC	3564-99-1
KIC	11920678	TYC	3564-2955-1
KIC	11820688	TYC	3564-2931-1
KIC	11869095	TYC	3564-834-1
KIC	12017985	TYC	3564-630-1
KIC	11868264	KIC	11868264
KIC	11769182	TYC	3564-247-1
KIC	12114999	KIC	12114999
KIC	11868246	KIC	11868246
KIC	11767058	TYC	3564-1163-1
KIC	11614827	KIC	11614827
KIC	11716326	TYC	3564-777-1
KIC	12418515	KIC	12418515
KIC	12316494	KIC	12316494
KIC	12367827	TYC	3569-375-1
KIC	12169845	TYC	3569-363-1
KIC	12120230	TYC	3565-1423-1
KIC	12217154	TYC	3569-222-1
KIC	12168406	KIC	12168406
KIC	12366461	KIC	12366461
KIC	12366537	TYC	3569-51-1
KIC	12470054	TYC	3569-22-1
KIC	12070114	TYC	3565-25-1
KIC	12070650	TYC	3565-257-1
KIC	12314927	TYC	3569-273-1
KIC	12365293	TYC	3569-514-1
KIC	12314910	TYC	3569-26-1
KIC	12215647	KIC	12215647
KIC	12167521	TYC	3569-104-1
KIC	12216750	KIC	12216750
KIC	12118044	KIC	12118044
KIC	12117790	TYC	3564-2949-1
KIC	12164879	TYC	3568-39-1
KIC	12116393	KIC	12116393
KIC	12067001	TYC	3564-86-1
KIC	10662618	TYC	3547-1541-1
KIC	10793771	TYC	3547-480-1
KIC	10793872	TYC	3547-1135-1
KIC	10858331	KIC	10858331
KIC	10973854	TYC	3547-809-1
KIC	10532751	TYC	3547-2036-1
KIC	10598558	TYC	3547-923-1
KIC	11028575	KIC	11028575
KIC	11028372	KIC	11028372
KIC	10918731	TYC	3547-1275-1
KIC	10859779	KIC	10859779
KIC	10859941	TYC	3547-1404-1
KIC	10977629	TYC	3560-1160-1
KIC	10921258	KIC	10921258
KIC	10799530	TYC	3560-1310-1
KIC	10667886	TYC	3560-2272-1
KIC	10801063	TYC	3560-1174-1
KIC	10669123	KIC	10669123
KIC	10979181	KIC	10979181
KIC	10864711	TYC	3560-758-1
KIC	10604460	TYC	3560-1471-1
KIC	10670445	TYC	3560-9-1
KIC	10736390	TYC	3560-2382-1
KIC	10735926	TYC	3560-1696-1
KIC	10866415	TYC	3560-968-1
KIC	10979742	KIC	10979742
KIC	11141358	KIC	11141358
KIC	10206307	TYC	3547-2518-1
KIC	10206840	KIC	10206840
KIC	10468528	TYC	3547-2111-1
KIC	10402819	TYC	3547-2592-1
KIC	10467570	KIC	10467570
KIC	10272641	TYC	3547-2212-1
KIC	10207321	TYC	3547-2363-1
KIC	10207059	KIC	10207059
KIC	10469976	TYC	3547-1469-1
KIC	10599712	TYC	3547-971-1
KIC	10666932	TYC	3547-1626-1
KIC	10600926	TYC	3547-1368-1
KIC	10602976	TYC	3560-269-1
KIC	10602374	KIC	10602374
KIC	10602015	TYC	3560-135-1
KIC	10474071	KIC	10474071
KIC	10603170	KIC	10603170
KIC	10603958	TYC	3560-411-1
KIC	10473692	TYC	3560-1487-1
KIC	11509792	TYC	3564-1976-1
KIC	11352756	TYC	3564-2677-1
KIC	11247049	TYC	3564-2191-1
KIC	11298714	TYC	3564-2686-1
KIC	11298371	TYC	3564-2198-1
KIC	11298561	KIC	11298561
KIC	11085809	TYC	3560-122-1
KIC	11138375	KIC	11138375
KIC	11031040	TYC	3560-612-1
KIC	11191557	TYC	3551-509-1
KIC	11244968	TYC	3551-1007-1
KIC	11191444	KIC	11191444
KIC	11245307	KIC	11245307
KIC	11244855	TYC	3551-159-1
KIC	11084620	TYC	3547-187-1
KIC	11190768	TYC	3551-465-1
KIC	11083701	TYC	3547-601-1
KIC	11084022	TYC	3547-711-1
KIC	11083613	TYC	3547-198-1
KIC	11083319	TYC	3547-265-1
KIC	11136854	TYC	3547-436-1
KIC	11135910	TYC	3551-1107-1
KIC	11188067	TYC	3551-911-1
KIC	11135286	TYC	3551-251-1
KIC	11027005	TYC	3547-793-1
KIC	11027337	KIC	11027337
KIC	11293804	TYC	3551-129-1
KIC	11294218	TYC	3551-15-1
KIC	11026472	TYC	3547-1293-1
KIC	10857953	TYC	3547-1187-1
KIC	11612171	TYC	3564-1181-1
KIC	11612603	TYC	3564-227-1
KIC	11509608	KIC	11509608
KIC	11509277	TYC	3564-1608-1
KIC	11560939	KIC	11560939
KIC	11456449	TYC	3564-999-1
KIC	11508970	TYC	3564-1227-1
KIC	11559818	TYC	3551-1679-1
KIC	11403437	KIC	11403437
KIC	11351140	TYC	3551-2461-1
KIC	11350954	TYC	3551-281-1
KIC	11455925	TYC	3551-1719-1
KIC	11559645	KIC	11559645
KIC	11661782	TYC	3551-1737-1
KIC	11559478	TYC	3551-1634-1
KIC	11455176	TYC	3551-1959-1
KIC	11453905	TYC	3551-2163-1
KIC	11401466	TYC	3551-2355-1
KIC	11453627	TYC	3551-2338-1
KIC	11349014	TYC	3551-2446-1
KIC	11295851	TYC	3551-641-1
KIC	9760904		TYC
KIC	9700899		TYC
KIC	9761625		TYC
KIC	9821783		TYC
KIC	9881628		TYC
KIC	9456153		TYC
KIC	9579328		TYC
KIC	9882550		KIC
KIC	9883123		TYC
KIC	9702057		TYC
KIC	9883214		TYC
KIC	9641246		KIC
KIC	9579860		TYC
KIC	9640886		TYC
KIC	9518506		TYC
KIC	9641772		TYC
KIC	9641484		TYC
KIC	9580991		TYC
KIC	9763419		TYC
KIC	9702841		KIC
KIC	9581445		TYC
KIC	9825039		TYC
KIC	9644558		TYC
KIC	9583430		TYC
KIC	9946773		TYC
KIC	9705636		TYC
KIC	9704774		KIC
KIC	9583720		TYC
KIC	9706209		TYC
KIC	9706194		TYC
KIC	9706585		KIC
KIC	9767332		TYC
KIC	9145781		TYC
KIC	9145952		TYC
KIC	9395535		TYC
KIC	9332840		KIC
KIC	9333290		TYC
KIC	9333501		TYC
KIC	9333184		TYC
KIC	9396095		TYC
KIC	9456478		TYC
KIC	9080445		TYC
KIC	9080175		TYC
KIC	9080407		TYC
KIC	9396363		TYC
KIC	9147335		TYC
KIC	9211401		TYC
KIC	9273827		KIC
KIC	9520156		TYC
KIC	9336090		KIC
KIC	9335518		KIC
KIC	9582005		TYC
KIC	9521461		TYC
KIC	10202184	TYC	3546-585-1
KIC	10136291	TYC	3547-2908-1
KIC	10071249	TYC	3547-684-1
KIC	10006852	TYC	3547-928-1
KIC	10005966	TYC	3546-1073-1
KIC	10068810	TYC	3546-931-1
KIC	9945290		KIC
KIC	10005422	KIC	10005422
KIC	10267242	TYC	3546-777-1
KIC	10003419	TYC	3546-1017-1
KIC	10199187	KIC	10199187
KIC	10132247	TYC	3546-399-1
KIC	10066568	TYC	3546-601-1
KIC	9942816		TYC
KIC	9882446		TYC
KIC	10065848	TYC	3546-635-1
KIC	10002647	TYC	3546-949-1
KIC	10328498	TYC	3545-2676-1
KIC	9881167		TYC
KIC	10196797	TYC	3545-2888-1
KIC	10196240	TYC	3545-2882-1
KIC	9941141		TYC
KIC	9820702		TYC
KIC	10659100	TYC	3546-173-1
KIC	10593078	KIC	10593078
KIC	10592924	TYC	3546-2253-1
KIC	10724027	TYC	3546-1440-1
KIC	10723388	TYC	3546-814-1
KIC	10527661	TYC	3546-1872-1
KIC	10592249	TYC	3546-1738-1
KIC	10721900	TYC	3546-1400-1
KIC	10461757	TYC	3546-2321-1
KIC	10395638	TYC	3546-1585-1
KIC	10198347	TYC	3546-497-1
KIC	10525475	TYC	3546-1967-1
KIC	10525282	TYC	3546-1962-1
KIC	10525595	TYC	3546-1840-1
KIC	10590683	TYC	3546-1238-1
KIC	10524715	TYC	3546-2040-1
KIC	10394814	TYC	3546-461-1
KIC	10459696	TYC	3546-2135-1
KIC	10394570	KIC	10394570
KIC	8479182		TYC
KIC	8607581		TYC
KIC	8737032		TYC
KIC	8802374		TYC
KIC	8867740		TYC
KIC	8479383		TYC
KIC	8479780		TYC
KIC	8674581		TYC
KIC	8739118		TYC
KIC	8738834		TYC
KIC	8804395		TYC
KIC	8675106		TYC
KIC	8676094		TYC
KIC	8611114		TYC
KIC	8805565		TYC
KIC	8805663		TYC
KIC	8612520		TYC
KIC	8872979		TYC
KIC	8613617		TYC
KIC	8742013		TYC
KIC	8677342		TYC
KIC	8742545		TYC
KIC	9077844		TYC
KIC	8941202		KIC
KIC	8081278		KIC
KIC	8283646		KIC
KIC	8283356		TYC
KIC	8081535		TYC
KIC	8415501		KIC
KIC	8350443		TYC
KIC	8350645		TYC
KIC	8283958		TYC
KIC	8284032		KIC
KIC	8545291		TYC
KIC	8545504		TYC
KIC	8284682		TYC
KIC	8285510		TYC
KIC	8482522		TYC
KIC	9269772		KIC
KIC	9143834		KIC
KIC	9143868		TYC
KIC	9008270		TYC
KIC	9392039		TYC
KIC	9142574		TYC
KIC	9205705		TYC
KIC	9329058		TYC
KIC	9329200		TYC
KIC	8937073		TYC
KIC	9328135		TYC
KIC	9139859		KIC
KIC	9004448		TYC
KIC	9202995		TYC
KIC	9003765		TYC
KIC	9002344		TYC
KIC	8934264		KIC
KIC	8671819		TYC
KIC	9453362		TYC
KIC	9818513		KIC
KIC	9758246		TYC
KIC	9451434		TYC
KIC	9451999		TYC
KIC	9574650		TYC
KIC	9635603		KIC
KIC	9390293		KIC
KIC	9635388		TYC
KIC	9450786		TYC
KIC	9511938		TYC
KIC	10023439	TYC	3561-1447-1
KIC	10087394	TYC	3561-918-1
KIC	10153739	TYC	3561-1315-1
KIC	10286616	TYC	3561-2106-1
KIC	10220795	TYC	3561-1287-1
KIC	10220213	TYC	3561-870-1
KIC	10025321	TYC	3561-1389-1
KIC	9903915		TYC
KIC	10025387	TYC	3561-744-1
KIC	9904563		KIC
KIC	10155731	TYC	3561-1373-1
KIC	10090400	TYC	3561-894-1
KIC	10290457	TYC	3561-876-1
KIC	10157507	TYC	3561-1331-1
KIC	10224100	KIC	10224100
KIC	10224535	TYC	3561-1257-1
KIC	10159217	KIC	10159217
KIC	9968040		TYC
KIC	9967351		KIC
KIC	9967174		TYC
KIC	9967700		TYC
KIC	9966823		TYC
KIC	9968249		TYC
KIC	10161943	TYC	3562-1862-1
KIC	9970467		TYC
KIC	10095409	KIC	10095409
KIC	9851743		TYC
KIC	10162765	TYC	3562-1694-1
KIC	10229796	TYC	3562-2196-1
KIC	10163776	TYC	3562-1933-1
KIC	10297313	TYC	3562-1937-1
KIC	10362043	TYC	3562-1039-1
KIC	9662343		TYC
KIC	9540226		TYC
KIC	9843358		TYC
KIC	9662395		KIC
KIC	9724324		TYC
KIC	9724882		TYC
KIC	9542218		KIC
KIC	9846877		KIC
KIC	9906278		TYC
KIC	9785675		TYC
KIC	9786625		KIC
KIC	9605294		TYC
KIC	9604524		TYC
KIC	9726814		TYC
KIC	9847893		TYC
KIC	9727392		TYC
KIC	9728284		KIC
KIC	9727675		KIC
KIC	9728845		TYC
KIC	9788834		KIC
KIC	9909804		TYC
KIC	9790050		TYC
KIC	10817660	TYC	3562-383-1
KIC	10880958	TYC	3562-1082-1
KIC	10881810	TYC	3562-173-1
KIC	10753962	KIC	10753962
KIC	10684837	TYC	3562-303-1
KIC	10553844	TYC	3562-497-1
KIC	10492041	KIC	10492041
KIC	10555186	TYC	3562-883-1
KIC	10683647	TYC	3562-1204-1
KIC	10816214	KIC	10816214
KIC	10816748	TYC	3562-1119-1
KIC	10488243	KIC	10488243
KIC	10357764	TYC	3561-1835-1
KIC	10358632	TYC	3562-1679-1
KIC	10291535	KIC	10291535
KIC	10552202	TYC	3561-1954-1
KIC	10489073	KIC	10489073
KIC	10552972	TYC	3561-1881-1
KIC	10552614	KIC	10552614
KIC	10618005	KIC	10618005
KIC	10747862	TYC	3561-1804-1
KIC	10749112	TYC	3561-236-1
KIC	10420822	TYC	3561-1571-1
KIC	10355672	TYC	3561-1852-1
KIC	10356057	KIC	10356057
KIC	10614707	TYC	3561-1444-1
KIC	10614602	TYC	3561-869-1
KIC	10485765	KIC	10485765
KIC	10483504	KIC	10483504
KIC	10678016	TYC	3561-1706-1
KIC	10613466	TYC	3561-1256-1
KIC	10546977	TYC	3561-761-1
KIC	10613112	KIC	10613112
KIC	10417308	TYC	3561-1926-1
KIC	10353044	TYC	3561-1901-1
KIC	10352615	TYC	3561-1688-1
KIC	10287323	TYC	3561-2029-1
KIC	10610250	TYC	3561-1722-1
KIC	10545152	TYC	3561-86-1
KIC	10742794	TYC	3561-587-1
KIC	10480806	TYC	3561-992-1
KIC	10285722	TYC	3561-1934-1
KIC	10482001	TYC	3561-1948-1
KIC	10416550	TYC	3561-1402-1
KIC	10086465	TYC	3561-1411-1
KIC	10991271	TYC	3562-310-1
KIC	11045572	TYC	3562-892-1
KIC	11152823	TYC	3566-349-1
KIC	11152753	TYC	3562-97-1
KIC	10992126	TYC	3562-342-1
KIC	10936814	TYC	3562-444-1
KIC	10991673	TYC	3562-492-1
KIC	11204531	TYC	3565-436-1
KIC	11044315	TYC	3561-769-1
KIC	11152312	TYC	3565-924-1
KIC	10935853	TYC	3562-890-1
KIC	10934758	TYC	3561-578-1
KIC	10877915	KIC	10877915
KIC	11043832	TYC	3561-604-1
KIC	10747240	KIC	10747240
KIC	10873444	TYC	3561-1856-1
KIC	10743092	TYC	3561-689-1
KIC	10743515	KIC	10743515
KIC	10809457	TYC	3561-467-1
KIC	8955683		TYC
KIC	9025029		TYC
KIC	9157260		TYC
KIC	9220076		KIC
KIC	9283816		TYC
KIC	9283918		TYC
KIC	9025882		TYC
KIC	9346602		TYC
KIC	9469165		TYC
KIC	9408361		TYC
KIC	9222389		KIC
KIC	9409513		TYC
KIC	9027871		TYC
KIC	9350701		TYC
KIC	9350031		KIC
KIC	9411366		KIC
KIC	9163153		TYC
KIC	9100444		KIC
KIC	9163785		TYC
KIC	9351617		KIC
KIC	9351186		KIC
KIC	9414068		KIC
KIC	9034557		KIC
KIC	9229601		KIC
KIC	9292408		KIC
KIC	9291249		KIC
KIC	9291830		TYC
KIC	9291976		KIC
KIC	9353187		TYC
KIC	9475697		TYC
KIC	9353531		TYC
KIC	8564559		TYC
KIC	8693004		TYC
KIC	8693018		KIC
KIC	8822689		TYC
KIC	8957543		KIC
KIC	8822878		TYC
KIC	8824452		TYC
KIC	8824264		TYC
KIC	8890410		TYC
KIC	8565016		TYC
KIC	9028511		KIC
KIC	9028321		TYC
KIC	8759811		TYC
KIC	8759746		KIC
KIC	8759207		TYC
KIC	8825444		TYC
KIC	9029195		TYC
KIC	8826079		TYC
KIC	9029603		TYC
KIC	8962844		KIC
KIC	8962923		TYC
KIC	8827934		TYC
KIC	8761471		KIC
KIC	8826496		KIC
KIC	9032691		TYC
KIC	9658002		TYC
KIC	9780183		TYC
KIC	9839918		TYC
KIC	9839246		TYC
KIC	9597214		TYC
KIC	9536330		TYC
KIC	9658793		TYC
KIC	9658072		TYC
KIC	9535050		TYC
KIC	9534934		TYC
KIC	9412408		TYC
KIC	9596639		KIC
KIC	9718024		TYC
KIC	9596106		KIC
KIC	9472076		TYC
KIC	9716866		KIC
KIC	9656523		KIC
KIC	9470276		KIC
KIC	9471284		TYC
KIC	9655101		TYC
KIC	9775927		TYC
KIC	9716522		TYC
KIC	9835626		TYC
KIC	9835436		KIC
KIC	9652704		KIC
KIC	9714063		TYC
KIC	9713617		TYC
KIC	9529974		TYC
KIC	9712888		TYC
KIC	9406638		NSVS
KIC	9591097		TYC
KIC	9711349		KIC
KIC	9711231		TYC
KIC	9711492		TYC
KIC	9650046		TYC
KIC	9650527		TYC
KIC	9589638		TYC
KIC	9282363		TYC
KIC	9405269		TYC
KIC	9405555		TYC
KIC	9405480		TYC
KIC	10282002	TYC	3560-3228-1
KIC	10083480	TYC	3560-3088-1
KIC	10018973	TYC	3560-2844-1
KIC	9958567		TYC
KIC	10018239	KIC	10018239
KIC	10213931	TYC	3560-963-1
KIC	10280586	TYC	3560-2307-1
KIC	10148026	TYC	3560-2540-1
KIC	10212620	KIC	10212620
KIC	10147072	TYC	3560-2745-1
KIC	9896174		KIC
KIC	9835790		TYC
KIC	10145279	KIC	10145279
KIC	9893889		TYC
KIC	9833073		TYC
KIC	6762022		TYC
KIC	7018252		TYC
KIC	7429055		TYC
KIC	7347189		TYC
KIC	7103297		KIC
KIC	7103666		TYC
KIC	6935260		TYC
KIC	7020371		TYC
KIC	6850417		TYC
KIC	6850177		TYC
KIC	6851499		TYC
KIC	6936796		TYC
KIC	7108501		TYC
KIC	6854095		KIC
KIC	6768319		KIC
KIC	6853779		KIC
KIC	6854391		TYC
KIC	6768355		TYC
KIC	7109120		TYC
KIC	6940048		TYC
KIC	7025721		TYC
KIC	7273672		TYC
KIC	7191673		TYC
KIC	7273426		TYC
KIC	6429457		TYC
KIC	6428974		KIC
KIC	6590363		TYC
KIC	6508328		TYC
KIC	6508943		KIC
KIC	6191288		TYC
KIC	6192431		TYC
KIC	6430534		TYC
KIC	6192043		TYC
KIC	6764229		TYC
KIC	6849167		TYC
KIC	6677653		TYC
KIC	6678428		TYC
KIC	6765032		TYC
KIC	6678432		TYC
KIC	6593240		KIC
KIC	6431941		KIC
KIC	6593623		KIC
KIC	6680734		TYC
KIC	6680386		TYC
KIC	6594505		KIC
KIC	6681414		TYC
KIC	7674224		KIC
KIC	7672969		TYC
KIC	7744204		TYC
KIC	7518352		TYC
KIC	7352718		KIC
KIC	7189610		TYC
KIC	7190047		TYC
KIC	7516687		KIC
KIC	7351098		TYC
KIC	7270142		TYC
KIC	7671562		TYC
KIC	7596350		TYC
KIC	7743176		TYC
KIC	7672405		TYC
KIC	7595285		TYC
KIC	7515516		TYC
KIC	7431665		KIC
KIC	7349386		KIC
KIC	7593843		KIC
KIC	7430868		TYC
KIC	7430415		KIC
KIC	7668782		KIC
KIC	7592356		TYC
KIC	7346442		TYC
KIC	7346365		TYC
KIC	7591642		KIC
KIC	7510604		TYC
KIC	7345200		TYC
KIC	7017044		TYC
KIC	7100768		TYC
KIC	7950550		TYC
KIC	8088244		TYC
KIC	7949599		KIC
KIC	7811522		TYC
KIC	7949258		TYC
KIC	8154541		TYC
KIC	8354896		TYC
KIC	7670419		TYC
KIC	7670489		TYC
KIC	8154383		TYC
KIC	8086192		TYC
KIC	7741179		KIC
KIC	7948086		TYC
KIC	8017159		TYC
KIC	7948193		TYC
KIC	8016118		TYC
KIC	7808227		TYC
KIC	7807614		TYC
KIC	5339823		TYC
KIC	5426041		TYC
KIC	5597965		TYC
KIC	5685000		TYC
KIC	5512777		TYC
KIC	5770923		TYC
KIC	5598789		BD+40
KIC	5599763		KIC
KIC	5514079		KIC
KIC	5857618		KIC
KIC	5515314		TYC
KIC	5772710		TYC
KIC	5514974		TYC
KIC	5602545		TYC
KIC	5859492		TYC
KIC	5860093		TYC
KIC	5517442		TYC
KIC	5689606		KIC
KIC	5689343		TYC
KIC	5774568		KIC
KIC	4814198		TYC
KIC	4902641		TYC
KIC	4902701		TYC
KIC	4633907		TYC
KIC	4991033		KIC
KIC	4991732		KIC
KIC	5167473		TYC
KIC	5257167		TYC
KIC	5168713		KIC
KIC	5168382		TYC
KIC	6188215		TYC
KIC	5858947		TYC
KIC	6425301		KIC
KIC	5858034		KIC
KIC	6346443		TYC
KIC	6185790		TYC
KIC	6104786		TYC
KIC	6424157		KIC
KIC	6345474		TYC
KIC	6423690		TYC
KIC	6264398		TYC
KIC	6343222		KIC
KIC	6263410		TYC
KIC	6262867		TYC
KIC	6262706		TYC
KIC	6181896		KIC
KIC	6101471		KIC
KIC	6929729		KIC
KIC	6843557		TYC
KIC	6843705		TYC
KIC	6928997		TYC
KIC	6929280		TYC
KIC	6502831		TYC
KIC	6756908		KIC
KIC	6756579		TYC
KIC	6501676		KIC
KIC	6755907		KIC
KIC	6755830		TYC
KIC	6755373		TYC
KIC	3323943		TYC
KIC	3217051		TYC
KIC	3216467		TYC
KIC	3526625		TYC
KIC	3424105		TYC
KIC	3425675		TYC
KIC	3527032		TYC
KIC	3425476		TYC
KIC	3527891		TYC
KIC	3529597		TYC
KIC	3529276		TYC
KIC	3528656		TYC
KIC	3631402		KIC
KIC	3326790		TYC
KIC	3530823		TYC
KIC	3531478		TYC
KIC	3222670		TYC
KIC	3222220		TYC
KIC	3633057		TYC
KIC	3633152		TYC
KIC	3532734		KIC
KIC	3432732		TYC
KIC	3736477		KIC
KIC	2140446		KIC
KIC	2283075		TYC
KIC	2554924		TYC
KIC	2423824		TYC
KIC	2142095		TYC
KIC	2141928		TYC
KIC	2834230		TYC
KIC	2424934		TYC
KIC	2285898		TYC
KIC	2424822		TYC
KIC	3101090		TYC
KIC	2696732		TYC
KIC	2697082		TYC
KIC	2836038		TYC
KIC	2973894		TYC
KIC	3102479		KIC
KIC	3942203		TYC
KIC	4042951		TYC
KIC	4143460		TYC
KIC	3733028		KIC
KIC	4350501		TYC
KIC	4141815		TYC
KIC	3835996		KIC
KIC	4041405		TYC
KIC	4140726		KIC
KIC	3938291		TYC
KIC	4039306		TYC
KIC	4244973		TYC
KIC	4139914		TYC
KIC	4139784		TYC
KIC	4040211		TYC
KIC	3937217		TYC
KIC	4243796		TYC
KIC	4243803		TYC
KIC	4346893		TYC
KIC	4346319		TYC
KIC	4445711		TYC
KIC	4241369		TYC
KIC	4345370		KIC
KIC	3934458		TYC
KIC	4136374		TYC
KIC	4036300		TYC
KIC	4036007		KIC
KIC	5084662		TYC
KIC	4548564		KIC
KIC	4640537		KIC
KIC	5083936		TYC
KIC	4995788		KIC
KIC	4546625		TYC
KIC	4448636		KIC
KIC	4545474		TYC
KIC	4638317		TYC
KIC	4906950		TYC
KIC	4543229		KIC
KIC	1864855		KIC
KIC	2444348		TYC
KIC	2303367		TYC
KIC	2305930		TYC
KIC	2018392		KIC
KIC	2307683		TYC
KIC	1726211		TYC
KIC	2448225		TYC
KIC	2449703		TYC
KIC	2309469		KIC
KIC	2996112		KIC
KIC	1720425		KIC
KIC	1162746		TYC
KIC	1432587		TYC
KIC	1433730		TYC
KIC	1576469		TYC
KIC	1433593		TYC
KIC	1435573		TYC
KIC	3120486		KIC
KIC	3120585		TYC
KIC	2714397		TYC
KIC	3444374		TYC
KIC	2988988		TYC
KIC	3114408		TYC
KIC	3231503		TYC
KIC	3748691		TYC
KIC	3955590		TYC
KIC	4057744		TYC
KIC	4262505		TYC
KIC	3747777		TYC
KIC	3545147		TYC
KIC	3747860		KIC
KIC	4056266		TYC
KIC	3849027		KIC
KIC	3443483		TYC
KIC	3645232		TYC
KIC	3339894		TYC
KIC	3847071		TYC
KIC	3642038		TYC
KIC	3847697		KIC
KIC	3453419		TYC
KIC	3860176		TYC
KIC	4168909		TYC
KIC	3760337		TYC
KIC	3869326		TYC
KIC	3560181		TYC
KIC	4760954		TYC
KIC	4279700		TYC
KIC	4575645		TYC
KIC	4937204		KIC
KIC	4378473		TYC
KIC	4475934		TYC
KIC	4755467		TYC
KIC	4662939		TYC
KIC	4570555		TYC
KIC	4843143		TYC
KIC	4569298		TYC
KIC	4271039		TYC
KIC	4469886		KIC
KIC	4469602		TYC
KIC	5288716		KIC
KIC	5287610		KIC
KIC	5374118		TYC
KIC	5283798		TYC
KIC	4930906		TYC
KIC	5104949		TYC
KIC	5017711		KIC
KIC	3656231		TYC
KIC	4169130		TYC
KIC	3758458		TYC
KIC	4275625		TYC
KIC	3660976		TYC
KIC	3455760		TYC
KIC	3457618		KIC
KIC	4764420		TYC
KIC	4764422		TYC
KIC	4570120		TYC
KIC	4269391		TYC
KIC	4164910		TYC
KIC	5288607		KIC
KIC	5285357		TYC
KIC	5196152		TYC
KIC	4933594		KIC
KIC	5282875		TYC
KIC	5283958		TYC
