SNR1,SNR2,SNR3,SNR4
6.33896526822,13.0003318015,48.9150563604,29.3773769978
10.7783854625,17.2536054058,57.8934208044,29.2535425958
7.13085059685,18.4520570964,88.1575186316,73.2184238847
34.9784658112,32.753239197,43.8580919792,20.0066318661
23.397085537,43.6095951065,244.913963422,61.6300801708
0.0,0.0,0.0,0.0
12.0233998505,73.321725623,113.975707962,91.411948794
29.9890129212,39.3971042927,41.721047199,18.8299681549
20.0153367517,14.134592237,21.6123651857,7.65399533082
52.2082977811,109.968997008,170.176128808,58.6406035583
11.4612078565,13.8153467464,51.0107235039,28.1946044435
34.7933223056,20.1237031454,43.2454209272,25.8496785552
7.11807465082,15.8441369011,41.1466418581,28.3243074403
13.8447782746,40.0144566888,67.1073369871,32.0416707982
20.5208108618,24.9366152699,209.104166265,38.4719272408
19.8537351578,38.2693711948,188.770174661,72.9916579826
15.6938167472,23.732870273,41.215371621,38.5223802703
8.23235709311,20.1337465332,49.1380958083,32.3948712612
8.5952365096,15.2445662807,47.6325694274,27.909705372
14.7390413057,29.8167386582,120.259069569,63.3739947999
29.9611349939,22.6297817614,29.9701690741,20.7605067782
6.88860337555,15.215574999,46.1268621245,35.6195955208
12.1891733793,32.3901566148,32.7937814863,25.9890143712
6.52859896037,15.9461221132,28.5214902457,28.3895950536
14.5594455748,20.8168311318,52.9447111047,52.4722241789
7.34339485452,20.5609104658,48.8883630357,27.5576327169
24.4393234087,48.6143096484,50.8933759258,24.5024850192
10.8273121476,18.0977786047,121.124078687,35.3415911905
26.4889114345,24.9975357257,32.7364337163,16.3189444852
43.3041717171,68.4324706486,102.58967927,32.8050512376
6.62347490956,13.3475308218,66.3632593765,19.4581889846
45.4331171383,38.7951899368,46.371876092,24.4139131726
24.8787584511,42.998875403,83.1230963588,33.4066642223
19.2200564349,24.3811325422,44.0978416323,41.6260718161
15.6162609643,25.6095056913,28.4643549767,21.0151120975
0.0,0.0,0.0,0.0
52.9111138629,156.822704216,225.238075408,26.3453546083
0.0,0.0,0.0,0.0
11.7509366943,31.4794838833,73.766840134,24.1746969477
22.5568888683,40.9600487171,50.1991280215,10.3110531834
43.9974777453,22.848453744,67.4883421929,19.8185941815
14.480572206,23.7612183559,87.0492165931,56.375087562
26.8716813405,25.377931311,150.521712084,100.766532796
22.0644607603,66.5471186093,91.051308186,63.1988675581
12.4897317407,32.9490899336,182.335275393,127.917886803
25.987720763,35.3869537947,46.088333026,16.2678552318
19.8349113065,22.0597391556,119.427252189,61.1762350742
17.127702376,84.2251203951,110.569059934,62.0596726657
0.0,0.0,0.0,0.0
12.5371969681,25.7792753549,25.8093385086,21.6284262786
26.3543685686,35.7591404873,45.1797471821,37.2002559536
4.79429616363,11.1653288993,39.8156965348,28.9206455989
20.7693121255,95.0821876218,27.2224234282,13.8889624657
33.7116080452,40.9403976947,31.3320838777,15.3054525731
0.0,0.0,0.0,0.0
0.0,0.0,0.0,0.0
21.7221137146,48.1540236096,65.9994314455,21.1609936246
14.7686093289,22.8410786879,48.1988144805,46.7798951542
45.5124080167,39.9468272268,62.9438780781,21.6729142858
36.8303746579,38.1734062143,35.7449241999,20.4266044551
38.6548071679,53.4420402214,25.0195590564,29.6097632832
21.8768485176,50.6145920292,24.1501470145,13.2013103132
19.7341585136,19.7341585136,76.0901456698,73.0551863805
5.99145514,33.1333606079,40.7424157866,31.272441302
14.7052008788,58.3517287579,195.631988135,122.28474902
47.5402996739,75.6602096232,181.078737636,77.0665904756
11.3563872468,22.149406238,26.7565017122,18.1936326968
12.4430475279,23.8100876727,61.0330007767,33.0109496773
10.0887396583,31.5673682796,100.594494234,60.6699101994
6.83581394799,24.2194524669,31.5170032095,19.6507007774
17.0453156269,27.0573097841,44.4866603709,21.0030585204
15.104154465,27.1902630384,163.691879289,110.732595683
12.1575786698,31.4177617895,92.4365640636,67.2789977975
26.6681160826,36.3489653814,49.7458356502,39.7122312896
0.0,0.0,0.0,0.0
18.4820179072,44.7989996304,66.5318200718,59.7806958931
13.1044531718,36.3972002332,55.1771529804,46.7813547307
5.41634648713,7.23138082818,60.3244359085,33.2334037696
0.0,0.0,0.0,0.0
16.9593028886,52.6090243833,34.5481897557,12.9758710557
12.6096732926,22.0211834497,31.0493530721,23.9778762368
14.0089385522,33.1751288282,30.5681242796,15.0760093364
24.8020060734,31.1676657765,102.809050395,33.1830222195
23.2696760603,90.2354879588,112.911829931,99.27861134
8.87633843572,29.0663229003,144.635829118,51.8635000931
0.0,0.0,0.0,0.0
22.9684603603,21.8255557039,57.7175885533,20.9555343984
16.6107376314,23.5281759701,29.3439307624,19.9914331934
4.49944063504,27.3177693758,24.4589607158,20.5696236402
27.7021119739,27.3579579941,163.531691598,85.9996123819
19.1271759217,29.9421452795,37.6177979505,16.8500619852
52.0733830821,86.2343029514,453.302284435,190.300419643
14.1135852043,44.7898483388,49.6011475752,29.9030392834
13.7385074817,33.5603093111,61.0234792393,32.0717739579
60.9241869245,61.7022157291,78.4785435813,31.4355602998
16.3596560708,18.325852358,36.6967545263,30.2195042933
14.7901846869,27.0101852593,36.7011426781,10.778843632
33.8337531367,44.7457571508,90.8284024157,15.6543709306
11.3646850598,19.7003113006,20.5576266385,12.9704384897
14.172181867,40.8156927159,116.402768602,111.114271227
30.0117904151,32.0376211442,80.3233325068,56.4634572869
13.6795989614,36.393039906,117.115232126,64.6668463985
39.9767953053,61.7292949234,137.990996642,38.52418601
0.0,0.0,0.0,0.0
17.6281424991,32.6885325898,41.2557784114,25.4579325262
0.0,0.0,0.0,0.0
6.35359671468,19.391183243,57.3526270047,27.8852545925
7.98027695061,24.5898510953,77.2943792744,41.3622055935
23.6695542457,52.1541795273,90.0422214424,84.3855104192
19.7027611771,191.511561263,506.095086952,85.7452625709
17.5812876655,46.041421412,39.1241045414,25.2162627814
15.6314929932,21.4122256878,49.2951375646,35.0496430817
13.8709258673,15.3081643124,34.3011969783,32.2703907226
16.6142528223,40.75981405,54.9210600418,29.7523128901
19.5246856236,40.3822534752,98.0259038014,33.7945941857
74.2551694637,89.0281430905,21.4169788061,23.2064160921
17.5008691364,25.1346697979,91.164338926,82.9751109951
26.2897766294,36.0270827764,137.494670839,103.936664921
32.8383063866,65.4841817036,55.019880477,14.2548964349
24.4729569779,30.9567390694,161.603883351,81.313002944
20.8434865979,18.9615354485,27.5476494028,20.6000894601
19.7498363183,44.9892664451,71.1542018647,40.5323677548
17.336196395,36.4309966536,72.2251906407,23.2361328848
26.2101930874,22.6719565356,31.8181444369,19.7692437425
27.8884517202,53.9508985094,225.81046113,220.738851604
30.4566315822,48.6921688816,62.1800571469,20.1031202051
0.0,0.0,0.0,0.0
0.0,0.0,0.0,0.0
11.4726453072,36.0774673564,114.106030334,37.8725613201
18.3813944377,39.0107038181,39.0844604787,13.9934171752
2.70872604824,16.2803316792,56.6325429882,40.968172492
21.7847506415,48.8850835004,49.4828186418,30.5862784486
17.2159760708,25.2896692735,48.1261959122,20.3129679336
39.9080434033,97.4758428126,384.047325436,155.907787862
0.0,0.0,0.0,0.0
0.0,0.0,0.0,0.0
19.2219346667,17.2885931172,53.8981343135,19.6550344463
21.3810213044,24.0002121383,26.0899318381,15.1801601792
30.5225409689,25.1328069453,30.8916533678,5.78695347989
40.1050674759,64.7393924066,207.903618788,75.0931013372
30.0536842848,60.7108729871,215.600228704,78.5501261678
12.735740473,11.9131873924,34.8991683616,32.4297957202
37.6424170814,31.7770730516,102.706745054,61.9949015736
31.6981012771,95.0282070898,209.711426633,78.8967379253
29.1195227534,40.526687214,254.366546267,93.588962131
56.9298400455,114.999656773,182.390922363,42.1855728307
34.0450958995,30.9858241028,45.7626906861,31.7765405449
7.18482189244,13.4333084477,11.0714860342,15.4293166528
15.1790903253,27.5660043144,37.7754904666,22.8432591316
0.0,0.0,0.0,0.0
11.0859617444,24.1176155618,61.9600033608,39.3880842305
20.4830932523,175.547103576,441.446554672,52.1581197385
24.7628745394,97.5990641433,115.093103648,10.8842031243
20.8730131585,26.6148395563,31.9201171756,14.3826211368
38.7215836552,36.7658756958,58.534590263,18.7634146926
22.9347801301,37.4512473965,17.3794407182,6.38310422856
17.4182686059,19.8173856779,66.8199322949,48.4153357234
11.454096057,27.1824561716,38.7322097332,25.741219692
19.9263648234,41.2325708229,57.7080144377,30.073810337
10.5040828825,24.3080230726,28.5571131711,26.8726464205
0.0,0.0,0.0,0.0
9.18173132227,45.469304524,62.2353048666,21.07320425
13.1852096067,30.2383803239,64.4349194414,54.405524592
13.0110898955,27.7125533444,97.1362330706,35.0399210587
8.41157286746,26.7692671786,74.7512688996,44.4681047191
24.7133048512,28.3184905356,21.3124548568,10.8643794191
48.8132400759,66.3933204467,432.260462681,57.9519596175
17.5423330298,37.2504009033,53.1370622531,29.1766094616
42.2964985409,60.0062086348,22.3484659514,13.404580983
32.7795235078,29.4811721737,32.84546531,9.99056294015
20.5498082747,39.7921902027,63.3526744253,23.4257460606
8.26895650339,35.7941276641,20.1528667165,28.3980063349
32.3560169194,42.5759137478,13.8768243679,6.38665797645
48.8344789699,86.624378946,37.7083860544,13.1366206097
12.4935820292,46.5255035008,33.0081952441,43.3492614481
25.7530389659,37.2905389673,18.6368180157,6.4964075515
10.9842547229,13.0951168354,67.6904992082,31.6181306508
45.3371064877,46.5836089053,402.459082212,373.040257584
94.0214077824,262.182929842,300.144601612,215.032643331
9.94587552415,36.323360805,136.751229869,118.194115486
19.8570235035,46.0262391008,65.7129362175,35.3231791874
22.3589612014,30.3334576606,56.4001673221,13.7682778603
28.4871725393,20.9695913163,33.3585804895,31.7020176323
10.8737148687,14.1751291929,24.2301684759,23.1335956871
33.3051920771,31.4047643083,33.4200920401,21.9010545564
4.92906837515,12.4614195141,79.3313058924,75.3952946894
30.970698999,39.0305840876,44.3140040464,30.8938660934
18.1417030624,20.47372436,35.4224762572,17.1518998002
18.5728411574,66.3312371139,89.104036658,20.8942081439
11.8777286274,16.8382109284,52.3710860541,38.0509968712
8.05674849022,11.9655544403,18.0578468679,16.1058913749
0.0,0.0,0.0,0.0
10.1305644445,21.568564419,30.3428603303,21.9344197972
31.3891798927,42.4960190222,274.853366695,254.484763284
16.6784545077,35.6057952142,76.2570663346,28.423363381
7.33039733823,15.2923826445,56.9464389744,26.5399222216
6.87255525291,27.6522123343,75.4870122288,67.0290558327
31.0469885288,37.9736485383,38.3050937018,18.770197107
17.5338206801,18.0111455346,33.0793759646,20.2926429375
15.3445383277,83.4448611948,181.499271659,75.7658693872
30.5545662428,32.1862951782,44.4750089508,32.2940628029
13.311977293,53.6213672451,34.8803651665,46.9757687212
36.0577374037,43.3191343843,22.4472251676,19.4209307526
11.1338062931,15.9735059351,51.8716541408,43.4770006609
0.0,0.0,0.0,0.0
13.9131447309,20.5735100231,71.6438730262,57.2875512862
15.9340282504,34.931534944,39.5239454389,19.5038289521
24.2120719631,76.2077952312,98.466739558,9.09882832185
23.2816603783,34.70262667,46.257140932,29.6563534077
14.4679301435,29.3835255077,70.9239686648,40.9024841601
14.0833737042,31.0547390021,34.634070939,16.3689541714
20.116108677,23.208620685,57.0789223743,38.0011826242
9.60624584927,12.7607005491,37.6296729824,25.6113787729
26.0331905617,50.8181495754,40.3384048456,29.6008988561
24.2737283802,30.9780636389,40.6143404021,27.9806934585
23.04510723,30.0023262349,45.8614107155,44.9451015124
25.2287235021,54.7321976911,100.55106412,95.3340060008
15.1727925198,40.5755425118,43.6949175454,23.8150860735
17.1841060933,40.3367731981,53.8918942628,15.2880242663
61.8798419773,85.1091012063,132.657337792,33.7236751211
18.6357018929,37.914181401,48.7493969372,42.548128612
8.76956778438,16.0633098756,37.7022470871,28.2856013848
6.41338401131,29.883501413,31.0368872207,19.458275876
31.5442962107,57.5343839548,192.61680209,120.493459758
13.8826896335,41.5230704859,45.789065307,14.0498672455
7.18001760703,41.8205561353,68.3565544853,53.6676403777
13.901065264,46.9611110666,163.161812222,49.1482947429
0.0,0.0,0.0,0.0
12.9892208894,24.9970496493,89.8981820259,37.1307381066
15.5501617382,20.708640257,50.6091322652,26.54537957
0.0,0.0,0.0,0.0
0.0,0.0,0.0,0.0
11.5435830783,20.3320664075,35.1439057528,27.5960596006
70.8106185384,130.451529215,41.0940304241,48.709614725
0.0,0.0,0.0,0.0
20.6689699295,35.6332512709,43.7017432809,21.6751474195
8.63843545301,22.4363591813,100.017225274,28.3262019916
5.68056209739,17.5510090075,90.0063317298,74.4127564804
25.5223836212,39.9702959186,16.7723894601,14.9739666353
27.756867255,66.2267472412,97.5475977585,37.8113638393
18.0012864242,44.5379016205,48.4808396409,18.7014860118
27.9526185408,42.1072032673,15.5788928937,10.2861428686
0.0,0.0,0.0,0.0
25.7592851868,47.8886366298,187.794297144,105.006638812
11.8932933774,13.1487842409,67.9482490209,27.388479598
20.7802700721,27.9945779836,50.6134536374,46.099861907
0.0,0.0,0.0,0.0
8.78578062006,15.8739966022,61.8791817666,42.0596558228
0.0,0.0,0.0,0.0
6.6897081089,19.2439089969,71.3498738197,55.82028414
14.6186492753,57.1112550338,71.7745140077,36.0246201505
10.4117118425,15.7825537397,84.4143083219,81.8229476209
12.2857458072,60.6422902557,47.3970437301,43.5404855154
10.2988453287,23.7652017523,43.3088242955,26.0672050873
8.55847072276,37.7089048035,82.2616103905,69.6333510369
11.5565547953,9.02883936229,32.4023815059,28.9730271256
23.4122389029,20.658344241,55.5318273529,29.9436713655
12.230897068,38.009948554,247.344158924,78.2288509769
16.0181140486,21.9745182277,128.070665553,62.7856107563
8.69250699177,32.9962528129,82.7306274898,29.846810731
27.4567067644,54.1326587425,54.3995376845,18.3167654517
12.1407379539,21.8438419943,68.9704617179,22.760961489
0.0,0.0,0.0,0.0
7.0527205639,43.1202518751,35.5478739397,20.3740747441
8.27292307576,24.6756462084,54.0179877544,30.2965282858
13.3702935636,23.8277448004,49.6154788781,22.9817146171
0.0,0.0,0.0,0.0
23.7860100384,92.9762365801,32.6975200695,23.1325862664
14.8735451019,39.2836471575,86.6525929537,52.1839087114
18.2028390201,25.9788823463,167.172722157,120.792016698
10.1182143116,30.0934778197,150.374232419,84.3078429317
18.1570985231,11.9558440162,52.7270650915,24.0848191899
45.2737816834,105.299541059,182.818095918,30.4295452697
0.0,0.0,0.0,0.0
20.4574677464,18.3088125905,46.2042482641,29.8832958833
20.283396187,21.8074833862,30.5578575298,18.0512704898
0.0,0.0,0.0,0.0
10.4583381355,27.9049817942,63.3970147368,58.3786789788
24.8241175932,22.6209784555,34.4353438584,20.4873816512
3.8072318326,14.8656390981,79.9246336183,29.2619734316
8.8233639509,11.9974484999,21.2640865732,17.6371239568
6.64898684135,17.7211411776,86.7088517227,31.6312148976
40.8723777562,48.0866548749,53.0187365362,44.2127561649
33.2004541966,35.4084755004,50.4341726681,11.9345934628
12.8553305857,40.1927950191,284.43324654,177.611503749
3.81518017435,21.3424167543,40.1264723091,15.0172794906
15.7480975666,19.7002597617,13.0330142682,12.6122484934
60.4895575841,68.0181356536,130.645097352,58.2022936134
33.6763761053,36.3364519624,27.3547642679,12.0712890548
9.11801661912,9.05341202424,76.5111235881,36.4180693736
6.35871949312,13.0375381484,128.581490255,90.7758897022
19.2782355679,23.1798119167,95.6800038425,31.5909436704
16.500085452,26.7063601197,34.2198067238,32.4927546058
13.793147299,34.1048896666,59.8983219348,31.1512762433
0.0,0.0,0.0,0.0
15.2279740142,23.4125991146,70.7700890931,21.738097189
18.617565838,21.9853521876,23.0399754716,9.84584235255
6.84504063319,20.3584208934,42.5028193557,29.9576318327
25.7123573976,88.4298088242,150.31587962,40.3198160709
44.5165565804,47.7659366848,18.5013776169,13.7465429104
15.7886549415,18.0683170034,45.5585037419,37.8896905703
4.83253473234,10.8921582448,87.3275703847,65.6665475562
26.1301465131,83.3178086418,164.318959175,46.4992548172
14.1934294107,28.1311100458,28.2064084689,21.2907683551
0.0,0.0,0.0,0.0
9.05234205041,22.9090027707,43.5560584211,20.635359746
14.6364811044,16.797125183,32.0979762355,25.3759538614
16.1802589016,77.240704346,167.761564723,49.279446464
33.9601236925,32.8314692887,38.3570409948,25.1736380084
13.7621446755,31.8495216537,49.5143284433,42.0976157404
50.4663206508,29.4751549474,163.544297267,50.1369498729
17.7941293406,40.1499790552,44.8740544156,36.0205880202
9.30587816227,32.0119686503,26.2110636785,29.8037988443
12.9527702174,39.956598584,167.931203088,66.0527209586
20.5069927202,30.3390976554,35.0875372693,42.3169826403
17.3385077315,32.1753823629,46.8338836401,46.3612831792
20.6807684162,30.643500466,43.8850931752,23.5760469808
16.1640399667,37.3977445689,66.3142615292,32.3654436868
8.04714149349,33.4206680591,111.964946521,99.7958438722
7.709497865,91.9683132747,98.4331906187,24.062798888
7.60337500928,33.174938467,96.5847052739,86.5669443928
40.0009756274,58.955257708,105.651765126,36.5230182165
14.4591604786,22.679841949,38.4954982427,34.8585070777
19.6114889812,89.0855046898,20.6433769094,10.9891896901
15.9734031081,31.5092942987,62.8255809102,26.7335642789
11.5804890854,14.8056255304,47.6623310942,40.5010184734
0.0,0.0,0.0,0.0
27.3370325485,27.9851299952,54.4314234992,21.109150109
39.9775544617,95.2204853277,67.4002937579,67.4002937579
16.6191708794,6.53603143823,20.8993095942,16.3133815032
15.1068733354,23.0197252254,104.114331588,39.4175125925
24.5186323073,25.1629503123,147.256323626,137.977049844
10.9329784168,26.7621991933,64.3427560409,54.7335256135
9.16505111006,17.9055324244,60.624243152,38.7868228206
25.9391437542,18.6598684253,52.3084189759,36.1822878993
5.6879300892,43.4818001792,27.0423160893,13.0709398865
31.1673414233,30.145511746,55.245467699,34.5557649652
10.3643301647,47.2009955605,55.1385815932,51.7231070817
21.0036423154,16.5352341316,31.8386432697,27.4906086514
12.377297744,44.7923545153,127.242427777,55.9867757587
14.3195340011,39.2600403048,51.6503977009,22.301230591
35.9946798488,48.8009781672,23.5653683191,22.8905106086
8.07558907684,45.9897448607,25.2034313921,18.6353462279
4.58373997237,31.2685087538,45.1932458309,19.5918746383
7.60059227995,16.0851889975,43.0618648679,26.4521611762
15.7907485796,61.3266394559,97.9280356843,80.2564375873
10.2303192796,8.61030350296,43.5415670462,30.7501291472
16.6215108365,17.4943222021,56.342173371,36.8113661913
7.44295584511,26.6410814989,234.547812677,126.025844765
18.0887491183,22.0633578189,117.07321488,87.1114659269
22.678523003,41.9728107463,202.657618164,72.4365171006
8.71756306281,16.7502025929,84.64886042,69.779770088
34.9181283926,33.005027982,36.5314028294,22.1550479644
8.18599674108,9.9936755222,33.2864136325,21.509560225
5.08817166102,12.9644813174,44.7073860609,30.1212509096
12.0292343221,14.7849068593,37.7768552861,17.6821920334
6.0595887821,28.7437514532,62.7103817724,26.4300378856
7.56182860895,22.0524321525,41.7163991431,31.0754821237
11.3928899998,55.1459703665,108.161712867,18.6874793757
57.8327612603,113.474013013,23.0124205259,14.506623058
6.1620153833,37.3548372059,54.1387595792,21.7479414559
19.5945078622,28.9869565944,39.7892998918,21.9476961614
30.3800574079,48.7152748548,47.8580852374,12.2814040055
0.0,0.0,0.0,0.0
16.9091200359,45.4297584093,49.5209186842,20.2959541667
18.3071737707,37.1628017872,50.6495068496,47.2340889347
22.5525980459,24.3153569763,30.4216892687,19.6970278795
16.1039112214,84.9753744783,299.775337414,162.541922368
37.9819792591,44.5759861126,340.824817881,103.751474043
0.0,0.0,0.0,0.0
5.88476588235,11.6334405192,144.403961039,75.2096912173
13.6775431585,12.5980732453,79.2385329813,42.3444459794
14.6593904195,22.118892271,103.116019872,32.9179293926
0.0,0.0,0.0,0.0
11.8192019199,14.4709437148,32.3923897247,26.1070997861
8.91830760782,18.2852006648,55.2024016024,17.5818341548
13.2126123664,22.4829884971,27.2285795873,17.0008406922
8.63448098714,16.1647079316,50.5771018225,25.1354793471
46.6240149967,75.4069202702,72.6933825929,32.1159364377
15.7416734253,21.9942524309,25.9974301996,18.1945034338
32.1918933271,66.3776433987,171.371003795,135.562820097
18.5046851543,39.8194913608,108.576579203,36.9103604651
17.7015001701,34.6916922058,60.2521491825,25.625076268
25.3965179838,49.4443175954,139.034407126,50.3663086817
25.3168862645,37.5000022348,70.5153407233,35.9783700756
14.9029779355,23.7628783155,60.1652916708,29.0840155587
13.6543815043,25.8425554104,43.5078387491,22.9920294313
17.7269920147,37.8972918689,59.2351967827,41.5925798387
34.0182651943,45.2560924743,53.3004615464,45.1402052328
0.0,0.0,0.0,0.0
10.2491395808,34.8063341984,56.677899366,56.0480413496
9.66422067124,24.0439734559,46.9885077438,26.6876363895
10.2783069422,18.928082045,43.4187507548,33.4297719434
8.03838206457,71.4486685919,112.45649528,89.1385848926
36.0145751853,50.2791131459,79.2546542315,22.4288694645
13.2869453271,15.1563391572,90.132531338,25.5810878394
26.2039138153,30.2104658727,51.882691346,22.6158888779
27.7127660429,30.2671808959,130.136458842,44.6041572541
8.00426181829,12.0467182831,62.0427015318,48.2381717119
36.4540146522,28.5523725513,37.3017498158,14.1497265919
28.3232618264,26.3544835852,43.6910911375,30.046265626
0.0,0.0,0.0,0.0
32.0960103901,58.4337101935,201.5343238,66.1822613919
5.53449546948,18.7189327343,80.0951422,22.2522388334
20.6332459594,36.785747684,181.42502695,124.559928328
77.0448088427,93.0223651887,109.017670375,37.4267134791
10.936149831,23.6289753334,49.6126381511,44.6436466191
24.9365415705,37.56143951,177.59119174,108.612874556
23.2377139761,50.1277759794,124.113961295,17.9056841786
0.0,0.0,0.0,0.0
5.15477407036,19.3947649111,46.3810144856,40.6410773213
0.0,0.0,0.0,0.0
0.0,0.0,0.0,0.0
6.46468844318,16.6718220345,41.8335068104,34.1760977264
0.0,0.0,0.0,0.0
0.0,0.0,0.0,0.0
18.0622227909,28.57165696,65.9745646828,35.1311614482
62.6466055327,116.644191115,208.401535427,44.018975101
45.8027548408,52.8391067241,114.476582808,18.0043910367
41.6149709459,42.6904250613,252.393891363,127.424958913
20.205754831,70.618292953,162.292325514,65.4481411207
8.32220523247,15.4084660322,54.6738279802,25.0594396849
8.27443495025,16.2830799637,86.2860149188,61.6865172748
18.3530588723,47.0249960223,94.2961928438,36.7140814802
10.8380332505,19.5135052812,116.152180282,46.8128574136
13.2802660437,23.9280190075,44.1238807725,18.1768039714
18.6507576047,30.5317856022,49.4308765385,42.2702312163
0.0,0.0,0.0,0.0
6.20646321742,11.8501872531,29.0686999306,21.868221846
14.8605693615,59.1357719083,30.0902411391,14.3273123159
31.4684832442,36.6222266434,50.5640708882,21.5237120033
16.9463724355,68.9423480158,93.757698296,33.7840609982
57.4856042547,120.703474621,179.837511472,37.1754155334
41.9897310317,67.4357251384,39.0948093352,18.6631762483
44.9399353653,44.2310526115,234.314996092,82.2758052091
8.35440125468,41.5500943101,57.3304927385,18.2429421828
13.9028660635,15.1352503057,45.9813863987,36.4292620582
13.5962414242,72.4404999481,101.775916067,59.6257088707
35.7093934861,35.3895887027,38.3300699999,16.7430787517
12.4271902999,22.162469548,77.3722652567,36.4151604899
9.02405429054,6.88320411022,25.1972755458,18.6088782056
54.1090538997,149.630518026,230.298669746,58.2123928815
15.9163200522,75.455052835,124.101010734,28.8171723677
13.2979569929,46.1651168202,321.760457457,62.3484716092
18.4637821331,30.7405425945,42.358045548,30.4697638265
22.1504889102,59.3013648579,76.8242614587,39.5112774047
25.0478246035,70.4884413621,78.8783707055,13.3933332582
7.04442201924,15.3682917126,68.0730886139,23.2762147716
23.9120635629,56.4120565061,151.838043243,65.4306810349
31.5070777666,22.1749583006,32.7662650889,11.7137943966
0.0,0.0,0.0,0.0
20.2231265647,30.569461048,77.3886406726,16.3557701336
33.5721929233,45.6921302959,70.0522683453,17.3264690242
11.1196921312,33.1999020933,181.129786841,108.326961788
10.6900427515,20.9969035006,55.5590925603,36.7733993579
13.6266586959,30.9016653126,139.696326798,133.77482731
0.0,0.0,0.0,0.0
11.5522745049,26.3233636364,39.1039580781,15.0876597369
0.0,0.0,0.0,0.0
5.89003556293,11.8809191459,99.7428604282,25.8955348427
13.5499863926,24.8122645977,74.5321057623,62.2225122331
21.0300234939,40.3101716814,54.4387113367,39.504860122
30.2228549185,24.3811804643,32.1247787568,11.7433928671
0.0,0.0,0.0,0.0
8.67788661598,15.2637572037,141.535907855,106.315745432
10.7402906253,21.122128092,36.0146146848,30.0365185834
15.584938996,23.9529085937,116.778045311,57.3097149379
28.4796422959,37.5486209124,60.0650055712,41.061539998
12.2077787922,13.6843585988,31.551828742,13.3534504331
0.0,0.0,0.0,0.0
15.2065790554,26.8562151269,128.695368786,79.0153911704
9.67004748062,34.9477761364,57.7597417591,26.4128331465
38.0420461994,64.6723071637,31.2931660215,31.244668958
10.5885374516,37.5653133148,25.4457276747,26.9460138583
24.2279222717,29.4047031391,25.5478789141,29.031059932
12.2109747208,11.0272386382,37.4770516108,26.8972869086
32.8583071245,34.0619171001,81.770140874,44.7765397396
17.8824801548,32.3474877776,19.876633477,22.0125111742
12.8761589979,23.0947828376,93.5226791385,65.7790885776
11.2859081898,24.7877827146,107.364216701,41.0925450944
51.3519322488,123.726035462,132.193290232,44.1812747008
23.8990745924,37.6201840194,42.7086688748,14.8294876893
23.0050693315,38.975779791,77.0809934626,13.9524233387
17.2992541851,28.148747846,86.6577902292,25.6467917683
17.5136149851,17.3128948907,19.1023045772,7.9008591534
37.8959065505,39.6947617987,63.3592010319,20.4753778899
10.4104223229,17.8864122721,99.1667186918,20.7415474053
26.9967220983,144.820146509,293.63755645,139.849564694
5.81757360792,23.9702040327,26.465285667,24.2742340642
19.552496308,56.5631545633,31.461241942,17.6119423673
18.0360494044,14.9282479587,80.4246549417,60.1255707761
18.4138959601,37.0085774087,19.5884108656,10.3703392098
35.6613605077,46.1256748422,34.0748586235,22.723220509
15.5806850675,13.4653135027,61.7718406351,34.538520282
26.0170232021,62.2613074653,65.8743857166,24.6341956936
8.09187448771,55.7976240211,48.2128500268,32.7648817922
41.0823745251,97.3179328111,51.5266014492,35.7626815687
25.571542084,44.0905292485,163.990353469,25.1266446668
7.52601092871,13.7432073762,34.0708824159,17.5406088353
33.9891759304,147.05794107,182.169182975,91.1552249835
15.8528849219,28.8568927697,30.1823786373,24.0992069979
31.2536538786,46.5481085131,54.4583777892,19.8404380193
0.0,0.0,0.0,0.0
12.8040446871,27.2848517916,50.9638811122,40.4965474524
30.3647351701,70.21854958,433.126502835,113.573663152
85.3176013972,175.604487659,39.7880541575,24.0160051233
13.1803046737,27.1307332431,90.1741766853,23.3521823345
10.8363947901,75.0854232355,79.8271599995,34.4784021976
19.13549447,89.2243364008,186.454302175,141.932518792
0.0,0.0,0.0,0.0
21.6686306173,73.7626073671,74.3843522401,45.2647679772
146.041454682,228.272952615,283.917520881,91.1681934234
0.0,0.0,0.0,0.0
13.5626363527,16.9401443024,36.773656029,17.4354083686
7.05254036513,28.8515946031,51.0505245671,24.6033764959
10.8882592665,15.0605372939,43.1973541641,29.2939387829
19.8556170373,25.1048360153,190.285341355,59.6219631559
20.2221733489,23.4794805208,28.0198398378,18.8160104852
49.17425839,245.253032327,503.090613104,48.2803797631
32.6623676331,32.0614064555,43.9255254112,38.3879562893
40.2482673346,38.7605160019,100.09241548,26.145370887
28.4165087046,50.9161969086,119.775419837,79.2918189764
7.08936107917,58.7457958577,40.6220915656,25.9847984148
9.83833820315,43.4173528779,23.0323741595,28.0479256284
11.1076210426,16.5988687063,64.5084284846,36.2269642598
4.39546184091,20.2072038377,47.0048887267,32.1222472807
18.9685652548,23.8913954064,30.2959041662,21.8473527638
8.33212124776,36.3085192885,92.4042589039,53.242912419
22.1643730548,72.5302243128,31.9472979434,15.9277018551
16.0420528636,90.7818756412,37.1899276109,15.8122486046
21.8339483614,24.9825105071,48.2742247765,27.3705163586
32.2543808792,99.4358626844,104.166585246,48.6540331425
6.50817445161,17.0096036087,45.2360971747,41.3777544197
0.0,0.0,0.0,0.0
7.17839148606,72.341395715,150.173406478,43.7743997762
14.4178086644,51.3184466381,54.2664880503,49.6471672788
6.55754129007,9.22531923649,37.0978409309,36.8132713269
39.7151643105,36.4413272658,42.5555865621,21.2973250707
31.9018007248,106.566909063,125.812439765,29.1807687403
12.9679075727,22.2314672381,29.3474844272,24.983823398
13.8241693288,55.2554618092,202.021917479,127.266828904
6.49173636301,15.6688639247,77.3061111931,41.6932145975
0.0,0.0,0.0,0.0
17.0744018934,49.2732002878,79.4314239822,60.2986572221
50.3989188875,16.131255383,61.3533365959,48.0828389926
15.9609822454,32.5120501333,45.5138008201,19.0656926013
30.934416468,39.2087606385,80.2805966889,42.7339804208
8.710351317,21.4229836577,42.5344454183,10.983431304
62.6309461803,73.0107045626,114.688654504,47.7161271099
31.4214594875,40.55421821,66.7435777438,62.3816225139
14.6822598664,70.0557134895,126.562758565,44.6635454174
15.1330936261,40.2347875954,112.114474401,46.1675287163
10.6519933381,21.7752491506,38.6135752278,11.7393809211
48.4730901856,96.6308612629,308.086266764,164.276680924
6.21905922423,33.4352792457,43.5547048634,20.5720429361
9.67477218923,30.8885684327,48.6531459538,35.0687032521
13.0638774244,49.6706479279,168.696896388,65.9896438351
28.000803425,79.0869326452,82.8006519155,42.5713787028
19.3301307698,54.8575979216,94.9897880705,26.0506855629
16.6575346462,37.5990888865,37.8332807815,25.998483514
0.0,0.0,0.0,0.0
11.6334220848,17.8511290924,39.1197378465,30.8780477931
14.1505985006,13.5214778522,47.3395376594,44.6295323136
15.6760566774,33.6992711582,129.956509664,47.2655918622
12.5728002893,8.80267659704,34.2992473695,23.1062527412
5.95497039463,28.5604612278,36.4881324676,13.2679141491
15.0686794438,21.354513254,37.5166377846,21.8938027728
11.4859194538,42.8478727047,61.0249425931,42.0672207139
18.4014415694,79.6767370762,165.081810802,43.4645496128
34.4293027844,35.5386661863,104.287660916,33.2598658987
4.89643035674,32.904223405,82.7398834357,56.2887073763
53.8075183854,145.905567345,251.871620912,69.6329550359
4.95864281786,25.6032047269,48.9134295035,24.865013526
26.6734741743,29.4105737086,57.9737235681,41.6931368854
21.2505442458,4.97299325343,10.7161608805,13.2344205012
5.9837777069,19.7435083649,99.0486091874,67.6523457793
11.2051718321,21.1918610283,17.7856919536,17.2584901523
19.6502028657,96.3167804721,179.398461522,50.6284047481
27.3995570568,41.4331712727,19.1980322473,4.6815754678
18.4704640335,32.8332924656,64.9291767341,21.4603696721
0.0,0.0,0.0,0.0
9.13312991815,36.1778683451,51.5854040093,40.0478686576
15.2111163396,29.9384206811,51.4401458466,31.9277431452
5.55719178858,23.0394320364,125.892665832,29.4357133018
30.0121829143,54.3931835767,37.7449145797,20.6306444504
31.6105515421,87.9394485323,143.413629376,38.8606661292
17.2533154482,37.4793729344,186.43146266,64.1407386419
40.2305383204,38.5043164028,55.9338544015,14.3937625426
24.9111971455,49.4156546002,58.6276001671,42.048174536
0.0,0.0,0.0,0.0
10.3178582821,35.927983458,136.008578116,88.0394309487
15.2788240065,38.9468730503,135.161274497,31.6815712381
8.02329572234,16.2633286462,39.2260865947,30.236757704
0.0,0.0,0.0,0.0
27.7249253051,29.6157548277,19.4079171751,6.19038592809
24.4937493742,30.3504999283,195.6035409,43.2954509454
29.875280174,59.3997070716,40.2270451327,13.6939448419
50.2930283552,93.3617130887,206.959615106,137.74787299
10.7434864961,41.5668506961,53.6718842079,47.9015297692
14.9592610997,31.3548059355,67.2438898725,35.8905153194
23.2040943328,62.8448361401,55.3060281673,21.3044430991
10.9653240001,14.9679712718,39.6212485566,6.62748690478
15.1791202594,29.0207878917,40.9542083423,36.5033277123
0.0,0.0,0.0,0.0
6.03804541051,46.3677371326,41.2160445207,14.9874440479
0.0,0.0,0.0,0.0
20.1751029892,17.6247789861,44.1169438643,29.8292677176
7.23374416277,36.6306671995,217.482925988,135.112640562
13.8021189371,10.810259701,42.758967471,17.6658440473
7.72089487554,19.9293316291,75.1243693568,66.7355432338
28.3056517617,30.9302304374,78.5967971868,36.0641210234
14.0759406414,28.7502587594,238.048374831,93.0949286236
13.1873945643,26.8195798071,64.2293447996,21.4594523541
47.0899537986,21.919423813,78.1244044067,23.1545334988
6.39186496327,39.0562591362,44.0843366584,40.6241977715
23.691589353,47.1966735901,116.550385819,31.2966734969
10.1712410907,33.9654490938,79.7845572705,29.3988932731
41.3636122252,110.181243351,157.222134777,19.878846485
30.0214494327,31.0725880061,22.2875468214,9.11601379458
11.07951639,45.1660391478,151.816765272,32.4121982092
0.0,0.0,0.0,0.0
57.6324199905,74.733677817,59.0196141271,30.2273383223
16.9423363418,67.5770499602,29.0203335855,22.6762016418
13.0976403699,38.420964271,46.8486210834,33.3652800175
24.9493019714,32.0861104805,38.2237001064,11.4061781152
8.23483955036,17.9644029559,46.659439573,42.5011610252
15.6848984349,42.0800883937,91.6762654127,73.4683888566
42.5543312565,84.1198900821,217.980304075,109.963883818
40.0563539212,48.317460201,50.5373818618,20.2589656618
33.5942315832,28.8285913012,52.2626149872,15.5221004922
24.9669054121,18.408247902,33.8601946407,16.4027701623
51.5630777424,143.25846446,182.008150561,60.4109583423
19.6772281975,35.6910126609,33.0863616194,22.6151758587
6.38238565237,10.4324298663,34.2095207569,24.7198260569
12.6923470072,23.2892784546,43.8631428506,10.3458977029
97.455828411,113.3318961,135.028142645,72.2118788781
7.33482943022,19.3778288353,94.8360114669,23.0889267601
14.0573219933,28.8623251311,19.1514375079,16.5952386194
5.44137856966,7.35748748387,33.8516462486,23.9767414816
10.1207816669,29.0291391543,33.6191725175,21.8525088022
27.2279390525,34.2761357673,25.9671075028,7.24908281104
0.0,0.0,0.0,0.0
0.0,0.0,0.0,0.0
11.9744879338,31.2042272369,43.9060126594,22.9038836137
9.60198194956,21.5012939451,30.4389260828,29.1609736792
11.5946307764,33.2567492789,90.3822162135,28.8648037344
20.9317554866,82.645583157,309.195325745,49.859277281
61.3209662982,83.5118218012,90.964752442,19.9242560429
30.0793966804,82.5283781931,92.2058791588,45.3351476289
14.4560717454,46.0190789209,117.931984993,34.199821608
31.0591861392,35.217794374,68.3106378967,32.7520936481
32.9902522827,41.1773483339,48.3466497514,40.1374703875
0.0,0.0,0.0,0.0
10.3001881185,48.5584413464,250.384833747,227.374112243
44.0830583868,48.2781419981,393.214485092,132.920949523
16.7908610274,24.1988327652,65.8952835255,27.8096885085
28.6383815621,50.4676648187,72.2207433512,30.1380763664
21.4812511136,49.4620114332,58.7146643927,20.0182810022
12.9998023021,16.7097920796,37.6650976932,35.6090396944
19.418961564,36.378539535,69.9474088739,25.360766754
9.260011193,18.6610116081,40.1234320782,39.3659817925
38.3825193531,86.586619824,124.152346535,84.6571935801
12.2987066771,37.3724061757,41.2986348384,39.5661096674
13.7775462437,27.5945946422,64.2872472288,50.4624363767
16.5961112597,40.1620725215,56.8771048413,38.3381936422
15.8886409031,34.6197517272,157.751268106,140.474031442
12.4418838788,35.7599664873,91.8801187357,37.4998550205
13.9863068218,19.865376351,54.128128619,52.9412268432
10.2839005386,70.8352660961,61.4630287175,14.1807423547
0.0,0.0,0.0,0.0
14.6451330357,25.6631538919,72.9875302031,31.9513724903
6.67952193145,14.9752323114,56.4857511314,27.8438060881
33.6765827492,34.8100137608,42.7913302063,22.9036377056
39.6805902072,32.7456413056,70.793517704,64.905322397
74.488571338,138.482981641,163.735924978,14.2402936523
11.5985539285,13.7693870488,159.036924509,127.680685815
30.3201899163,119.066501858,179.963597777,120.604523015
16.0528594065,17.7285950855,31.5695283831,23.9603273472
13.3244901278,21.1540105802,109.278859514,50.6455001407
7.17853434698,26.7613789467,42.9889086575,25.1966037045
30.4247374334,129.156323137,35.7950241168,13.9010216551
30.6921687223,55.5145748002,70.8495292002,29.0575089371
8.68338359824,41.3565264273,152.718899172,106.708618766
19.7676764744,35.4231956544,59.4916209226,17.6492377944
12.7580018046,43.0820916898,89.022218128,75.8409485839
6.89491015982,20.1007921815,48.4186696582,32.4616590252
15.5905115283,121.647787302,159.42890577,40.2209886778
8.5419016947,20.0388961908,33.2118642356,12.336149533
25.1155935441,15.4607354535,37.9315982063,26.4960254763
24.7586031685,38.1312137969,39.2010113056,22.6576096057
38.460838249,25.6471214377,48.830528211,18.2216936616
16.0901259016,24.3408323917,40.4713174348,23.328320135
15.2309134953,28.9349810702,46.0426245958,34.8509928979
65.275681598,224.505829412,224.618554432,31.3138169509
0.0,0.0,0.0,0.0
0.0,0.0,0.0,0.0
32.7035380464,118.55093828,245.068184165,58.2574427781
10.432923711,67.9509970288,292.338302254,70.099596909
23.9182192972,23.8286517563,24.9340107355,22.6515422247
29.8234208402,46.3495565274,105.85182334,52.3615941675
11.4359904936,77.9005235153,112.748178913,25.9803484869
21.2986050734,68.7869486472,187.572574314,41.3165501223
21.3369581916,52.4620244495,146.292065762,100.809717865
21.9000728416,32.6522592933,93.2090743172,57.024255637
16.8057295375,36.2423011834,42.6746663341,23.2584990649
46.0767934463,22.8078923264,64.2244001665,23.9139066335
20.752282877,53.6461951537,53.8802606602,29.567677594
15.1177525852,13.9840294818,81.0739615083,24.2389884701
42.3974874814,43.0139827911,8.29263390793,10.0323585104
12.4456131868,32.7229076024,74.1733090163,31.1044778246
8.97769430023,38.8137401197,79.2392001014,37.6482652718
64.5870605282,67.0473058758,24.9408485385,20.8323289648
15.3089188143,45.0224833764,48.662069514,42.4923538781
0.0,0.0,0.0,0.0
8.1271251784,24.609208506,27.1869933264,16.0754999511
7.43986031583,23.1360823254,119.065577538,94.8056446549
32.9656355999,27.5495604235,64.9631271846,52.2894941503
27.8719756181,60.619652584,74.2916668565,28.807461958
29.6640822192,53.0389974848,17.9494215573,16.4591802535
16.2318871635,32.554670231,61.614472805,18.3373546907
8.28366636935,10.2077551168,65.4902533883,43.9824970167
8.60149700573,25.5594802567,83.6204208631,38.5441341419
9.14011790607,20.9454677302,207.566931212,157.597982277
0.0,0.0,0.0,0.0
18.9893998103,26.6193399096,48.6731840552,13.4157909003
9.69018562749,18.0098301999,64.0564749367,32.1716139465
7.18334140784,28.3542268719,143.08897979,81.0574850526
7.17187463757,26.9698765472,53.9633345926,43.5103614857
41.4560836403,52.1995166394,22.6250379018,11.5475086386
12.294329755,10.8514416173,27.7678140425,13.8681884661
18.1419443648,37.7483305006,257.211547306,213.712365747
13.8955787797,14.6798044057,46.0642440958,37.1998093343
0.0,0.0,0.0,0.0
14.2948900323,37.7546546745,91.1087136417,63.5978989337
17.2199892714,39.8971984801,107.060955507,24.744817537
0.0,0.0,0.0,0.0
54.038180282,30.8189850564,92.8980442433,28.7492222926
0.0,0.0,0.0,0.0
18.844648903,10.5037017145,49.9391797376,49.0030343301
4.78415285362,13.391613738,45.3259807277,31.469849278
25.2595059774,48.6407208403,36.0510653063,28.5079135603
13.8962609598,7.0544673007,55.171559688,30.252975437
26.4073358787,58.9492670821,95.0858212875,45.5199281366
8.2288495476,12.6288853422,45.2947503791,37.4986551349
0.0,0.0,0.0,0.0
14.1885856386,17.3053355052,71.1206089222,28.7844953625
43.3232687725,75.1643607411,125.850395127,66.5987454433
26.6066439808,26.1667312463,41.1279143671,19.2604630645
70.883095073,84.474512927,87.0001825082,20.1202974865
12.6829154904,16.1290406159,22.7612303358,5.25994058801
13.0452799096,27.6895212643,56.4275357424,50.7360630665
26.1201454019,28.3842641629,120.118134286,42.6340829245
0.0,0.0,0.0,0.0
34.9380357317,47.6115693005,22.2078179491,14.8186342994
15.9737200146,35.2014303378,50.5349812024,42.2018819156
0.0,0.0,0.0,0.0
0.0,0.0,0.0,0.0
49.7162216913,37.3260235965,77.4018551597,11.380062324
12.0505627909,27.1602649092,100.549213417,29.1155168963
21.5092773767,37.8437835561,44.5285416972,30.6641642345
0.0,0.0,0.0,0.0
12.6078411299,49.074897224,37.0293116328,31.8223319223
6.33253963773,16.2946921992,65.3729273575,16.3825980613
8.44365140347,16.0760921507,34.5895786346,21.8495502139
11.1901678961,10.1152068901,64.1760345786,26.5985630193
15.4311739246,16.6495375469,40.7188447123,16.5510559483
12.1934411903,29.8130205686,60.7948073348,13.4891984441
32.1694046042,32.098999553,45.4345285225,15.3882930181
52.8058115367,60.4601115605,85.4478718285,46.0438313279
0.0,0.0,0.0,0.0
22.2186451757,25.2913802285,29.6838845563,20.1421886115
20.1704659557,56.3660067859,30.1919374767,13.7469514082
64.8943307787,154.277272813,157.495786338,16.9025373488
19.5419861636,33.4140994103,41.2611824758,20.9523441948
34.1076665889,107.920433596,21.7442730709,15.3350202364
7.38887177597,27.2009060912,39.2507656877,29.8527767994
20.7048988094,34.8476068838,54.3173307247,16.8630776721
25.0190160113,31.8036608038,44.8390559248,33.4366315737
31.1810078271,41.9392314989,29.7853144999,28.1433379166
10.1460821044,22.4566013617,57.9823262307,38.6833086977
15.3390839165,28.8600005461,27.9272684003,14.8806470334
96.841517108,191.482216516,689.119926768,171.401736268
11.1181287767,37.7280887503,46.3205301155,17.0843401266
12.2220585132,19.4299837979,37.5326270201,22.0480625682
8.6857706029,10.4823112228,38.354436478,35.7185010003
9.61707259438,27.802120465,37.1262653204,12.3700552572
16.4732619694,23.674842341,19.7237254809,19.0808204938
9.21321019152,8.07469612379,30.2176942243,13.2623614181
9.04616757545,25.1119824579,87.3578280524,74.6580835025
0.0,0.0,0.0,0.0
22.0060794678,32.8371466821,48.6405648771,21.6465819851
11.3925380843,39.0760125998,21.7507584267,23.7908704779
23.3036930439,27.7592778716,41.0566049369,33.0676527791
48.4543538266,153.045631693,169.742516373,49.4921473138
23.4212908696,63.1496984227,150.016983312,56.3352700651
4.34836579716,8.8820972415,39.7024467525,29.3835441526
5.44574112581,14.2265562204,127.333539318,79.1437812556
16.9521768913,66.2905574546,168.437240963,67.1599143159
0.0,0.0,0.0,0.0
0.0,0.0,0.0,0.0
32.6613678402,47.0425268341,37.8683856078,16.2298868799
0.0,0.0,0.0,0.0
0.0,0.0,0.0,0.0
10.1493448111,27.0525240248,90.0954023327,47.4167032121
14.261935298,28.7023083071,103.060770116,57.3099576039
15.3008056984,26.9622173511,40.0837321869,31.4296581647
10.1648054508,18.137451598,56.2245634985,26.0300294856
31.4072846676,51.9322370252,221.963937911,52.6220878587
15.5863801001,23.9715662341,110.069576129,23.4016826905
0.0,0.0,0.0,0.0
12.1617105368,23.026335034,44.1170781288,37.4813678614
24.4505876708,108.033672378,156.422498697,39.7618503956
8.44871222906,24.2403529289,64.8619593607,22.4046872916
26.4915414318,33.6646783742,35.6324724749,11.0362126462
7.96594990942,49.6923034246,66.8564626413,13.183571676
14.5953567268,22.5668036728,49.1560403419,26.2446606639
8.10317526158,29.6886810163,48.0999941366,13.1608834262
13.2094117487,25.0088698403,67.7083854272,61.4566054499
28.3697794274,41.3737353706,228.569247897,75.1145958203
15.1360355931,29.0989637932,70.469608339,33.6906788118
31.1314522188,37.6563086063,43.3492111178,26.7616524109
31.1666051381,33.6691573967,69.3520118891,14.3383382186
46.8424132302,62.2790067342,62.6153392988,14.5603538185
8.14849781092,24.4233082909,50.8461383991,44.8986037012
0.0,0.0,0.0,0.0
5.43522956819,11.0702530002,51.314102487,38.6427643752
38.4137117386,95.8657882792,40.2120346004,10.8108340054
18.6710467003,84.4371034489,77.5528020237,77.5528020237
5.57530001197,28.94821615,37.2956645784,31.1520579275
29.4419446092,52.3029284335,159.408040536,38.5706247985
14.2446851323,48.2984509859,13.7015418456,9.66424492834
26.1605557328,56.953552388,58.4903959049,25.4513224252
36.9216360572,112.709442202,134.878661396,85.2311118307
35.4416453632,50.4580994432,24.0606209385,13.1113192466
18.5132828026,9.08987547545,38.5354151898,38.0119404187
18.9811131099,49.5288774093,61.1016685436,28.9927675626
7.20169006298,14.449437425,30.9303635307,10.2339078317
39.0077953453,83.2391246784,90.1130992909,20.0765154539
42.5080328095,42.5609377798,42.5609377798,33.6970901756
34.1374351773,73.5404725759,51.3649385094,22.6154786855
26.248044206,50.4363935989,14.0659296118,13.8813932181
21.5455684427,32.7156896531,79.5618767378,19.3646121988
9.01375724995,23.5256842912,96.3971823979,24.19202677
18.0705432219,40.7107927599,102.614562492,47.194027078
13.2830255237,30.7939779079,33.7937537356,31.9580643719
8.19178101746,21.401486872,50.4520961291,38.0697253762
19.998305667,23.1971829931,41.5123721457,40.7812019793
21.6613761035,37.907992479,78.528788503,68.6527431283
20.5860723152,28.360593946,15.0781976856,11.9855486351
15.7627468996,23.7986214082,48.5510875334,20.597425631
6.69453000354,29.1452951132,45.8793586812,35.1743633994
33.6014084512,157.513046598,385.962484951,30.7431032133
19.8651929278,48.603262708,52.894136143,28.7879329881
0.0,0.0,0.0,0.0
9.94845048419,26.8561036193,101.736807707,59.231030455
10.7075249053,27.6743355817,47.3116813478,10.9887532154
17.5062035209,30.7235031636,42.6230908229,33.8103642275
16.0844467256,17.1011477159,18.7808188374,8.7271079555
0.0,0.0,0.0,0.0
13.2850463501,34.3068255501,43.6880054784,20.8390977119
27.552551976,25.6390438381,27.215345515,19.5785218734
24.6981860763,27.4606963189,33.1927373162,29.635871813
12.7942234636,43.6599417664,154.193242321,77.0981385643
0.0,0.0,0.0,0.0
29.6932810053,30.8673265373,24.9922229137,24.9922229137
22.3525416714,47.8421855392,80.6256355391,77.3757098504
27.530285816,83.1064300236,101.042917962,28.3501857505
8.55185329073,25.0121555609,50.7717397865,49.2549291521
30.2247307375,102.173078147,129.413918897,36.9871649862
40.8851825488,43.2007157565,43.8754526489,9.15989315825
0.0,0.0,0.0,0.0
14.5302340491,13.1715455795,27.0582495887,16.0438522152
44.7397905731,49.6358579333,40.9651946173,23.9914631379
39.0408591621,143.939708655,338.339876607,154.689769915
44.6239996112,31.1652839115,51.822411741,15.4748537243
10.7829990967,28.0071790124,45.1352732723,20.6410475374
10.2481565155,14.0815063663,74.6274656637,44.1886312798
0.0,0.0,0.0,0.0
22.1512052389,23.6616697746,36.5362263098,15.8164013665
22.5994271019,18.0197594607,25.4653527265,17.2064881685
35.2054620098,38.4299288035,47.0242350221,31.8211234401
91.5285346047,156.514352248,179.61575483,41.2457540367
15.4126970861,34.7628970874,43.8718950112,23.1079995683
10.0688616708,46.6674655432,80.7101611655,54.0355109022
14.4184638121,39.1636725121,50.1063811712,28.9437229672
72.8513458408,103.413750624,190.922236648,79.6846972505
12.9087403808,9.35740663778,42.3370369899,32.9750197128
7.47445733348,10.1513584676,30.5353164849,20.017013111
24.1155350131,31.6110910346,32.5707541161,6.20175082435
6.20656226678,26.5684417342,184.755597499,92.3064282028
32.1496831172,33.8612749152,22.4260991453,22.7530032411
11.6184338486,31.0407780475,102.233141968,45.4840428439
13.6115676617,29.4480129438,35.0098185963,33.8769936311
20.6112715623,44.587407551,37.4420108626,30.0740967325
0.0,0.0,0.0,0.0
12.8894236945,12.3580155211,44.1293552086,42.129449617
25.2717272354,85.8684823819,160.051774674,120.603087527
15.5502478699,36.978552887,68.0462409919,39.8673811582
7.88242488645,27.0046875928,42.7529538342,37.7708613092
23.6858591946,44.5679119208,56.4456330115,26.7697759015
13.7038033913,21.9850890932,39.6369982247,27.7836382487
23.8204273066,30.1267955595,83.0927734909,46.2687634479
19.7746134552,36.4030969437,68.4593313016,28.5925610481
15.6113169147,30.4159979314,86.0107373191,52.814069738
58.2071448985,48.4104023837,77.621261848,45.4133476742
19.5939476957,47.6032284653,178.058442447,37.4466159528
24.2027585489,42.7287758396,50.9219169272,13.3442651958
15.6731024392,17.2126490472,42.8546357743,33.8411894545
0.0,0.0,0.0,0.0
22.5784283733,22.3549724769,37.7189747708,23.6063578999
31.4482060974,40.509963205,54.3757192477,17.4808916785
26.2685909087,24.8387828586,55.9140824851,37.9860648249
54.8868738162,48.9871411497,123.725795344,28.5082740933
0.0,0.0,0.0,0.0
13.2891956549,39.4228890375,56.5198798861,17.4681737294
17.528286602,44.2674221624,66.1641908556,45.2220033422
35.2980640606,53.4655353959,21.689165123,18.4251566275
27.4613027174,30.4297982941,58.4747978809,9.22115496994
0.0,0.0,0.0,0.0
9.94134591642,22.5685120219,38.349494867,19.8180659558
23.0263899357,44.7251529001,106.690167276,50.1546499701
41.0261761375,153.68462321,825.458443054,104.024013697
35.0581953651,56.1099338844,112.658246581,57.7127508438
16.6066725759,11.8212560449,26.8985564522,25.5543780183
56.271694106,70.6601370501,84.0426095338,81.9364774436
21.587526568,29.4130237937,51.1065785823,19.7619002667
38.0756280594,85.6869968277,113.295598565,35.0000485848
23.7401475069,31.8157123579,46.7217408839,16.6769465043
18.1268996564,81.3862497193,145.103739121,55.8800319302
10.0793975003,12.0180030024,74.5774082356,31.8731575893
44.9089235025,92.1808648992,99.5342989518,14.2643098748
13.4892529169,24.8775366675,24.7021036892,19.1270531597
34.7036346491,65.1720513179,70.3953966768,28.2146268252
20.6525815717,53.8955586391,122.742692075,59.7902267837
61.4670624316,69.9508915195,79.2631282399,31.0822097376
10.5672900787,12.9415636966,48.3408259945,41.8121738084
74.0216197659,108.706619789,128.558752248,51.2855806245
57.4683197401,65.6759259088,113.273240014,32.0398259364
14.7352087983,28.0304668134,36.3251439276,23.5780107163
29.3937057285,111.276822148,307.447373657,81.7837001083
14.4917811259,32.5053090077,78.6080910964,38.263680861
0.0,0.0,0.0,0.0
19.4874447766,40.1969971677,45.2807911389,11.8053089008
11.7677441331,30.2483133236,27.162003864,21.442421631
8.04292413935,16.6981584214,31.1829955172,29.5548714489
11.3540036094,23.1925829202,49.4498713029,37.1151183136
17.3155659761,22.4181423302,39.2826549069,33.6595401499
9.41854285588,16.5915441876,32.3322579601,28.1865545932
29.8037053381,77.6135670504,219.701741129,46.9315330271
7.48662908527,11.171202707,63.848035094,44.3785101706
12.7554560139,43.2810515497,87.5103358107,43.461317614
10.753983251,24.3938635525,33.0970121564,17.3562742389
10.4173180693,46.8387074071,31.9596121944,27.7206649477
0.0,0.0,0.0,0.0
34.2040240399,30.5308518654,124.181971059,115.808350052
15.9742129242,31.8367956561,35.9234709868,14.5407190838
0.0,0.0,0.0,0.0
21.7075752154,27.2335249148,82.5839389736,38.7302610641
40.5032414917,15.6217773581,60.966517309,39.994124381
18.1885735397,39.4189004107,81.4304289351,26.7295743498
38.6795866044,44.2389658047,75.9429556465,40.2059352502
13.863046083,91.9215636101,104.692158327,31.0166681828
18.8061668716,74.0992345901,237.882262349,84.5973321742
16.4391758319,39.0610915205,46.2291311173,32.7608020184
5.92109670694,28.6665630846,46.2505372274,24.8911985479
25.1478984408,31.0567485665,39.4235247726,21.9771737613
6.62179178206,15.9479613166,49.20048999,40.6758582517
8.82780822651,47.2557810427,46.6221906403,34.5517823508
20.4254286057,43.3912839939,43.7029396231,23.7981627876
8.63383287861,18.3601338022,70.1987086092,40.94240622
14.515449415,40.3698614595,52.6929051893,51.7526642489
15.2069955637,48.1530474322,97.8424923025,27.8092616913
14.3323686959,30.8932323877,38.6407485893,24.196569784
0.0,0.0,0.0,0.0
8.31346079736,24.0276869929,72.5542015402,59.6076415541
29.8809025502,64.9382974316,138.441608313,24.9280592832
3.38996863726,11.6070828785,29.6379080171,21.1758599632
18.596027066,37.2253288572,37.8931451017,28.4153957062
0.0,0.0,0.0,0.0
5.88647253144,17.3072459992,24.282775891,18.801250681
0.0,0.0,0.0,0.0
7.92799980829,43.9205276181,115.111189719,23.4485097756
28.0875090684,26.8824251156,51.2212763991,26.1651336331
14.9741562782,23.8021419043,72.9143603998,52.1867752854
18.7046374524,42.0609772083,61.4313623489,21.0970748209
41.744652235,63.9464378562,99.6932429653,18.301316881
48.7914342759,95.4452759404,119.739933105,38.0720064572
24.1250998297,117.868376661,550.209274699,111.369129166
11.4227634445,16.2314690498,38.2120369896,23.1601517831
11.1128783458,39.0205443855,70.1466531421,19.8213187061
20.1508871487,32.5156254822,40.9967537562,18.9909497231
15.3734142084,48.8150128386,389.855037047,59.5514753463
13.7833416534,20.5976266606,22.6782735609,22.556788803
10.6547998061,65.6908072939,36.2979303918,13.5628990585
0.0,0.0,0.0,0.0
10.2765806475,52.4043107708,22.0861294701,21.6369879963
4.21755688134,13.525231028,51.0906584096,44.6620553674
17.1103277448,49.194157736,35.3369522291,13.791286194
0.0,0.0,0.0,0.0
19.9054676893,22.6274071704,54.8250587288,52.4558766954
11.3290381791,44.3561764595,68.293698322,65.7915832032
